route_id,origin_country,destination_country,mode_of_transport,port_or_hub,distance_km,average_transit_time_days,current_delay_days,disruption_reason,disruption_severity,weather_risk_index,political_risk_index,geopolitical_risk_flag,historical_route_reliability,route_risk_score,weather_condition,temperature_c,weather_risk,news_sentiment,news_risk
R0001,British Indian Ocean Territory (Chagos Archipelago),Germany,Rail,Tokyo Port,1322,6,0,,,27,93,0,97,,Unknown,,0.5,0.0,
R0002,Zimbabwe,Moldova,Air,Santos Port,3420,6,11,Weather,Low,82,50,0,87,,Unknown,,0.5,0.0,
R0003,Angola,Peru,Road,Los Angeles Port,11920,74,0,,,84,68,0,98,,Unknown,,0.5,0.0,
R0004,Zimbabwe,Uzbekistan,Road,Dubai Port,2204,22,0,,,48,57,0,87,,Unknown,,0.5,0.0,
R0005,Albania,Maldives,Road,Los Angeles Port,8166,51,0,,,95,68,0,100,,Unknown,,0.5,0.0,
R0006,Northern Mariana Islands,Martinique,Rail,Santos Port,19078,190,0,,,62,14,0,89,,Unknown,,0.5,0.0,
R0007,Montserrat,Botswana,Sea,Frankfurt Airport,15710,157,0,,,31,11,0,93,,Unknown,,0.5,0.0,
R0008,Estonia,Bermuda,Road,Sydney Port,4684,23,0,,,16,90,0,96,,Unknown,,0.5,0.0,
R0009,Nauru,Philippines,Sea,Dubai Port,9709,60,0,,,76,6,0,95,,Unknown,,0.5,0.0,
R0010,Brunei Darussalam,Comoros,Sea,Hamburg Port,5812,36,1,Congestion,Medium,98,67,0,85,,Unknown,,0.5,0.0,
R0011,Isle Of Man,Uganda,Road,Singapore Port,2787,13,0,,,37,15,0,94,,Unknown,,0.5,0.0,
R0012,Estonia,Egypt,Road,Rotterdam Port,19659,98,0,,,77,18,0,88,,Unknown,,0.5,0.0,
R0013,Saint Kitts And Nevis,Honduras,Rail,Dubai Port,11237,112,0,,,79,26,0,92,,Unknown,,0.5,0.0,
R0014,Jamaica,Togo,Road,Singapore Port,3133,15,0,,,30,37,0,93,,Unknown,,0.5,0.0,
R0015,Kenya,Grenada,Rail,Shanghai Port,18291,182,0,,,50,39,0,93,,Unknown,,0.5,0.0,
R0016,Estonia,Papua New Guinea,Sea,Changi Airport,12390,77,2,Accident,Medium,28,100,0,96,,Unknown,,0.5,0.0,
R0017,Cote D'Ivoire,Sudan,Sea,Shanghai Port,6263,62,0,,,12,52,0,95,,Unknown,,0.5,0.0,
R0018,United States Virgin Islands,Uruguay,Sea,Heathrow Airport,1332,8,0,,,4,38,0,97,,Unknown,,0.5,0.0,
R0019,Northern Mariana Islands,Sweden,Road,Shanghai Port,11049,110,0,,,70,4,0,100,,Unknown,,0.5,0.0,
R0020,Greece,Tuvalu,Air,Hamburg Port,18979,23,0,,,6,82,0,87,,Unknown,,0.5,0.0,
R0021,British Indian Ocean Territory (Chagos Archipelago),Belize,Sea,Singapore Port,2399,23,0,,,71,50,0,91,,Unknown,,0.5,0.0,
R0022,Sierra Leone,Djibouti,Air,Los Angeles Port,10715,13,0,,,78,42,0,89,,Unknown,,0.5,0.0,
R0023,United States Virgin Islands,Honduras,Sea,Santos Port,3555,35,0,,,90,65,0,99,,Unknown,,0.5,0.0,
R0024,Bosnia And Herzegovina,Equatorial Guinea,Road,Heathrow Airport,14410,144,0,,,32,63,0,92,,Unknown,,0.5,0.0,
R0025,Isle Of Man,Chad,Sea,Heathrow Airport,15352,153,0,,,92,92,0,90,,Unknown,,0.5,0.0,
R0026,Kenya,Senegal,Rail,Tokyo Port,2757,13,0,,,43,46,0,93,,Unknown,,0.5,0.0,
R0027,Montenegro,Montenegro,Road,Singapore Port,11101,111,0,,,6,5,0,93,,Unknown,,0.5,0.0,
R0028,Isle Of Man,Botswana,Road,Heathrow Airport,7612,76,0,,,77,43,0,98,,Unknown,,0.5,0.0,
R0029,Vanuatu,Pakistan,Rail,Dubai Port,4708,47,0,,,6,26,0,95,,Unknown,,0.5,0.0,
R0030,Bosnia And Herzegovina,Albania,Rail,Frankfurt Airport,16532,165,7,Political unrest,High,23,74,1,93,,Unknown,,0.5,0.0,
R0031,Sri Lanka,Slovakia (Slovak Republic),Rail,Shanghai Port,8592,85,0,,,47,95,0,89,,Unknown,,0.5,0.0,
R0032,Estonia,Puerto Rico,Rail,Tokyo Port,9370,58,0,,,89,72,0,99,,Unknown,,0.5,0.0,
R0033,Isle Of Man,Gibraltar,Rail,Rotterdam Port,10590,52,0,,,12,76,0,90,,Unknown,,0.5,0.0,
R0034,Mongolia,Tanzania,Sea,Sydney Port,18689,93,8,Pandemic,Medium,64,22,0,89,,Unknown,,0.5,0.0,
R0035,British Indian Ocean Territory (Chagos Archipelago),Senegal,Air,Rotterdam Port,771,1,0,,,80,20,0,90,,Unknown,,0.5,0.0,
R0036,Bosnia And Herzegovina,Svalbard & Jan Mayen Islands,Rail,Hamburg Port,9581,47,0,,,14,12,0,100,,Unknown,,0.5,0.0,
R0037,Portugal,Australia,Rail,Frankfurt Airport,12396,123,0,,,73,96,0,92,,Unknown,,0.5,0.0,
R0038,Seychelles,Dominican Republic,Rail,Heathrow Airport,9969,99,0,,,24,56,0,87,,Unknown,,0.5,0.0,
R0039,Bosnia And Herzegovina,Myanmar,Sea,Santos Port,1741,8,0,,,92,90,0,97,,Unknown,,0.5,0.0,
R0040,Vanuatu,Norfolk Island,Road,Heathrow Airport,19991,124,0,,,2,66,0,96,,Unknown,,0.5,0.0,
R0041,Northern Mariana Islands,Cook Islands,Sea,Shanghai Port,6622,41,0,,,23,46,0,91,,Unknown,,0.5,0.0,
R0042,South Africa,Burundi,Sea,Sydney Port,5507,27,0,,,44,63,0,99,,Unknown,,0.5,0.0,
R0043,Saint Kitts And Nevis,Morocco,Rail,Singapore Port,563,5,0,,,58,3,0,99,,Unknown,,0.5,0.0,
R0044,Sri Lanka,Cocos (Keeling) Islands,Air,Dubai Port,10213,12,0,,,95,75,0,92,,Unknown,,0.5,0.0,
R0045,Brunei Darussalam,Russian Federation,Sea,Rotterdam Port,17901,89,0,,,42,77,0,95,,Unknown,,0.5,0.0,
R0046,Estonia,Namibia,Air,Los Angeles Port,8168,8,0,,,22,21,0,89,,Unknown,,0.5,0.0,
R0047,Bosnia And Herzegovina,Bahrain,Sea,Dubai Port,12236,76,0,,,64,37,0,91,,Unknown,,0.5,0.0,
R0048,Niue,Niue,Sea,Santos Port,18204,182,0,,,38,56,0,98,,Unknown,,0.5,0.0,
R0049,Mauritania,Belgium,Air,Hamburg Port,3717,7,0,,,80,35,0,95,,Unknown,,0.5,0.0,
R0050,Estonia,Hungary,Rail,Rotterdam Port,11405,57,0,,,6,47,0,95,,Unknown,,0.5,0.0,
R0051,Isle Of Man,Anguilla,Air,Rotterdam Port,6080,6,0,,,75,81,0,94,,Unknown,,0.5,0.0,
R0052,Vanuatu,Suriname,Road,Frankfurt Airport,9321,46,0,,,11,54,0,86,,Unknown,,0.5,0.0,
R0053,Azerbaijan,Iceland,Sea,Los Angeles Port,5712,35,11,Weather,High,55,78,0,94,,Unknown,,0.5,0.0,
R0054,Estonia,Liberia,Rail,Rotterdam Port,4591,28,0,,,21,71,0,91,,Unknown,,0.5,0.0,
R0055,Guam,Fiji,Road,Shanghai Port,12909,80,0,,,88,24,0,88,,Unknown,,0.5,0.0,
R0056,Norfolk Island,Greece,Sea,Santos Port,13627,68,0,,,24,53,0,96,,Unknown,,0.5,0.0,
R0057,Colombia,Tanzania,Air,Heathrow Airport,18821,18,0,,,86,29,0,99,,Unknown,,0.5,0.0,
R0058,Rwanda,Kyrgyz Republic,Road,Hamburg Port,2458,12,0,,,15,37,0,95,,Unknown,,0.5,0.0,
R0059,British Indian Ocean Territory (Chagos Archipelago),Israel,Rail,Rotterdam Port,10600,106,0,,,64,3,0,95,,Unknown,,0.5,0.0,
R0060,Dominica,Svalbard & Jan Mayen Islands,Road,Changi Airport,14899,93,0,,,70,12,0,93,,Unknown,,0.5,0.0,
R0061,Sierra Leone,Dominican Republic,Sea,Frankfurt Airport,10304,51,0,,,98,34,0,95,,Unknown,,0.5,0.0,
R0062,Anguilla,Tokelau,Road,Dubai Port,16769,104,0,,,62,28,0,89,,Unknown,,0.5,0.0,
R0063,Norfolk Island,Bolivia,Road,Los Angeles Port,639,3,0,,,20,1,0,98,,Unknown,,0.5,0.0,
R0064,Montserrat,Sierra Leone,Air,Heathrow Airport,4327,5,0,,,99,52,0,93,,Unknown,,0.5,0.0,
R0065,Niue,Iran,Rail,Sydney Port,19954,199,0,,,26,93,0,88,,Unknown,,0.5,0.0,
R0066,Jamaica,Qatar,Road,Changi Airport,4573,45,0,,,30,56,0,97,,Unknown,,0.5,0.0,
R0067,Saint Helena,Aruba,Road,Santos Port,18948,118,0,,,89,2,0,95,,Unknown,,0.5,0.0,
R0068,British Virgin Islands,Bahrain,Rail,Rotterdam Port,19957,99,0,,,49,16,0,87,,Unknown,,0.5,0.0,
R0069,Estonia,Niue,Road,Singapore Port,1625,16,0,,,79,13,0,95,,Unknown,,0.5,0.0,
R0070,Estonia,Zambia,Road,Los Angeles Port,9823,49,0,,,1,66,0,96,,Unknown,,0.5,0.0,
R0071,Azerbaijan,Sao Tome And Principe,Road,Rotterdam Port,10233,63,0,,,17,53,0,94,,Unknown,,0.5,0.0,
R0072,Sri Lanka,Netherlands Antilles,Rail,Shanghai Port,1311,6,0,,,91,58,0,90,,Unknown,,0.5,0.0,
R0073,Estonia,Antarctica (The Territory South Of 60 Deg S),Air,Tokyo Port,12248,15,0,,,72,23,0,94,,Unknown,,0.5,0.0,
R0074,British Indian Ocean Territory (Chagos Archipelago),Armenia,Rail,Singapore Port,1253,12,2,Strike,Medium,8,61,0,100,,Unknown,,0.5,0.0,
R0075,Dominica,Morocco,Air,Singapore Port,15528,19,0,,,71,32,0,85,,Unknown,,0.5,0.0,
R0076,Bosnia And Herzegovina,Montserrat,Air,Changi Airport,14699,18,3,Weather,Low,45,76,0,97,,Unknown,,0.5,0.0,
R0077,British Indian Ocean Territory (Chagos Archipelago),Palestinian Territory,Sea,Tokyo Port,15645,156,0,,,39,59,0,96,,Unknown,,0.5,0.0,
R0078,Greece,Guadeloupe,Rail,Dubai Port,1446,7,0,,,38,72,0,96,,Unknown,,0.5,0.0,
R0079,Saint Lucia,Anguilla,Sea,Singapore Port,8551,53,2,Congestion,High,80,21,0,86,,Unknown,,0.5,0.0,
R0080,Isle Of Man,Syrian Arab Republic,Sea,Heathrow Airport,10479,52,0,,,11,27,0,89,,Unknown,,0.5,0.0,
R0081,British Indian Ocean Territory (Chagos Archipelago),Japan,Air,Tokyo Port,10576,13,0,,,43,81,0,94,,Unknown,,0.5,0.0,
R0082,Kenya,Norfolk Island,Road,Los Angeles Port,17524,87,0,,,30,37,0,87,,Unknown,,0.5,0.0,
R0083,Montserrat,Tajikistan,Air,Shanghai Port,12795,25,0,,,0,97,0,91,,Unknown,,0.5,0.0,
R0084,Isle Of Man,Kenya,Road,Shanghai Port,5867,36,0,,,62,13,0,98,,Unknown,,0.5,0.0,
R0085,Northern Mariana Islands,Tunisia,Rail,Heathrow Airport,17287,86,0,,,37,50,0,85,,Unknown,,0.5,0.0,
R0086,Sierra Leone,Guam,Air,Rotterdam Port,11075,22,0,,,14,20,0,94,,Unknown,,0.5,0.0,
R0087,Isle Of Man,Korea,Rail,Changi Airport,10003,50,11,Strike,High,48,85,0,89,,Unknown,,0.5,0.0,
R0088,Liberia,Zambia,Rail,Santos Port,17467,109,0,,,58,72,0,92,,Unknown,,0.5,0.0,
R0089,Vanuatu,Guam,Air,Heathrow Airport,11977,23,0,,,47,86,0,88,,Unknown,,0.5,0.0,
R0090,Isle Of Man,Oman,Sea,Sydney Port,18000,90,0,,,92,66,0,92,,Unknown,,0.5,0.0,
R0091,Mongolia,Saint Lucia,Air,Changi Airport,15993,31,0,,,86,3,0,87,,Unknown,,0.5,0.0,
R0092,Kyrgyz Republic,Fiji,Air,Frankfurt Airport,14336,28,0,,,81,77,0,85,,Unknown,,0.5,0.0,
R0093,Anguilla,Ecuador,Road,Frankfurt Airport,5002,25,0,,,37,74,0,87,,Unknown,,0.5,0.0,
R0094,Norfolk Island,Central African Republic,Road,Frankfurt Airport,2038,20,0,,,38,94,0,90,,Unknown,,0.5,0.0,
R0095,Dominica,Estonia,Air,Sydney Port,18612,37,0,,,62,29,0,90,,Unknown,,0.5,0.0,
R0096,Montserrat,Philippines,Air,Los Angeles Port,5320,6,0,,,24,48,0,93,,Unknown,,0.5,0.0,
R0097,Saint Kitts And Nevis,Aruba,Rail,Frankfurt Airport,18453,184,0,,,88,85,0,100,,Unknown,,0.5,0.0,
R0098,Greece,Namibia,Sea,Los Angeles Port,11231,70,0,,,7,100,0,90,,Unknown,,0.5,0.0,
R0099,British Indian Ocean Territory (Chagos Archipelago),Canada,Sea,Los Angeles Port,15927,159,0,,,86,9,0,88,,Unknown,,0.5,0.0,
R0100,Rwanda,Antigua And Barbuda,Air,Hamburg Port,3083,6,0,,,86,67,0,90,,Unknown,,0.5,0.0,
R0101,Kyrgyz Republic,Costa Rica,Sea,Frankfurt Airport,17163,107,0,,,35,32,0,87,,Unknown,,0.5,0.0,
R0102,Anguilla,Vanuatu,Sea,Sydney Port,3192,31,15,Congestion,High,66,81,0,98,,Unknown,,0.5,0.0,
R0103,Liberia,India,Air,Dubai Port,12662,25,2,Political unrest,Medium,22,0,1,86,,Unknown,,0.5,0.0,
R0104,Norfolk Island,Spain,Road,Santos Port,1276,7,0,,,79,92,0,91,,Unknown,,0.5,0.0,
R0105,Guam,Puerto Rico,Road,Changi Airport,1161,11,0,,,0,95,0,98,,Unknown,,0.5,0.0,
R0106,Liberia,Equatorial Guinea,Road,Shanghai Port,6356,31,0,,,70,19,0,86,,Unknown,,0.5,0.0,
R0107,Zimbabwe,Holy See (Vatican City State),Road,Hamburg Port,8005,40,0,,,78,31,0,96,,Unknown,,0.5,0.0,
R0108,Saint Lucia,Montserrat,Rail,Santos Port,4672,29,0,,,33,39,0,96,,Unknown,,0.5,0.0,
R0109,Azerbaijan,Hong Kong,Road,Santos Port,15427,96,0,,,83,83,0,91,,Unknown,,0.5,0.0,
R0110,Saint Kitts And Nevis,Guatemala,Sea,Rotterdam Port,14208,88,0,,,54,0,0,93,,Unknown,,0.5,0.0,
R0111,Anguilla,United States Virgin Islands,Air,Santos Port,9499,9,8,Congestion,Medium,75,76,0,89,,Unknown,,0.5,0.0,
R0112,Jamaica,Brazil,Rail,Tokyo Port,9350,58,0,,,60,15,0,98,,Unknown,,0.5,0.0,
R0113,Mongolia,Bolivia,Sea,Shanghai Port,14062,87,7,Strike,Low,47,61,0,85,,Unknown,,0.5,0.0,
R0114,Liberia,Guam,Air,Dubai Port,8032,16,0,,,98,99,0,91,,Unknown,,0.5,0.0,
R0115,Kenya,Aruba,Air,Santos Port,15901,31,0,,,58,43,0,99,,Unknown,,0.5,0.0,
R0116,Dominica,Albania,Air,Changi Airport,12723,12,0,,,86,93,0,99,,Unknown,,0.5,0.0,
R0117,Colombia,Ecuador,Road,Frankfurt Airport,8753,43,0,,,50,95,0,86,,Unknown,,0.5,0.0,
R0118,Montenegro,Ethiopia,Rail,Santos Port,8613,53,0,,,33,84,0,86,,Unknown,,0.5,0.0,
R0119,Mongolia,Somalia,Road,Changi Airport,16340,102,1,Weather,High,70,77,0,85,,Unknown,,0.5,0.0,
R0120,Azerbaijan,Guinea-Bissau,Sea,Tokyo Port,14895,148,0,,,15,17,0,95,,Unknown,,0.5,0.0,
R0121,Norfolk Island,Chad,Sea,Rotterdam Port,2049,12,0,,,30,97,0,98,,Unknown,,0.5,0.0,
R0122,Bosnia And Herzegovina,Honduras,Road,Frankfurt Airport,2951,14,0,,,88,44,0,87,,Unknown,,0.5,0.0,
R0123,Kenya,Jersey,Air,Singapore Port,10049,12,0,,,12,86,0,97,,Unknown,,0.5,0.0,
R0124,Saint Lucia,Denmark,Rail,Tokyo Port,2041,12,0,,,62,100,0,92,,Unknown,,0.5,0.0,
R0125,Saint Lucia,Croatia,Sea,Changi Airport,11484,114,0,,,45,85,0,93,,Unknown,,0.5,0.0,
R0126,Mauritania,Maldives,Road,Dubai Port,4896,48,0,,,64,70,0,100,,Unknown,,0.5,0.0,
R0127,Nauru,Estonia,Road,Rotterdam Port,19807,123,1,Accident,Low,55,34,0,93,,Unknown,,0.5,0.0,
R0128,Colombia,Mexico,Air,Frankfurt Airport,1635,3,0,,,95,84,0,92,,Unknown,,0.5,0.0,
R0129,Saint Lucia,Korea,Road,Heathrow Airport,14418,90,0,,,34,39,0,90,,Unknown,,0.5,0.0,
R0130,United States Virgin Islands,Germany,Air,Frankfurt Airport,17012,21,0,,,40,24,0,94,,Unknown,,0.5,0.0,
R0131,Cote D'Ivoire,Egypt,Road,Heathrow Airport,7677,38,13,Political unrest,Medium,85,27,1,96,,Unknown,,0.5,0.0,
R0132,Niue,Egypt,Sea,Rotterdam Port,3385,16,0,,,21,24,0,95,,Unknown,,0.5,0.0,
R0133,Mongolia,Niue,Road,Los Angeles Port,10028,100,10,Political unrest,High,19,85,1,85,,Unknown,,0.5,0.0,
R0134,Isle Of Man,Zimbabwe,Rail,Rotterdam Port,12575,78,0,,,25,67,0,88,,Unknown,,0.5,0.0,
R0135,Bosnia And Herzegovina,Aruba,Rail,Rotterdam Port,10290,102,0,,,12,38,0,95,,Unknown,,0.5,0.0,
R0136,Isle Of Man,Liberia,Road,Rotterdam Port,14998,74,1,Accident,High,27,81,0,87,,Unknown,,0.5,0.0,
R0137,Zimbabwe,Netherlands Antilles,Sea,Hamburg Port,14865,74,0,,,99,26,0,86,,Unknown,,0.5,0.0,
R0138,Mauritania,South Georgia And The South Sandwich Islands,Road,Santos Port,12014,75,0,,,84,51,0,94,,Unknown,,0.5,0.0,
R0139,Rwanda,Guinea,Rail,Heathrow Airport,10673,106,14,Strike,Medium,31,22,0,97,,Unknown,,0.5,0.0,
R0140,United States Virgin Islands,Netherlands,Air,Frankfurt Airport,19900,24,0,,,33,63,0,97,,Unknown,,0.5,0.0,
R0141,Isle Of Man,Philippines,Rail,Dubai Port,16159,100,0,,,92,61,0,95,,Unknown,,0.5,0.0,
R0142,Kyrgyz Republic,Dominican Republic,Road,Rotterdam Port,18058,180,0,,,92,47,0,98,,Unknown,,0.5,0.0,
R0143,Cote D'Ivoire,Djibouti,Air,Rotterdam Port,6771,8,0,,,55,9,0,85,,Unknown,,0.5,0.0,
R0144,British Virgin Islands,Madagascar,Air,Shanghai Port,5160,6,0,,,88,75,0,93,,Unknown,,0.5,0.0,
R0145,United States Virgin Islands,San Marino,Sea,Frankfurt Airport,11121,55,0,,,41,34,0,93,,Unknown,,0.5,0.0,
R0146,Norfolk Island,Norway,Air,Hamburg Port,16918,21,13,Accident,Medium,11,36,0,93,,Unknown,,0.5,0.0,
R0147,Greece,Slovenia,Air,Tokyo Port,12548,12,0,,,76,56,0,90,,Unknown,,0.5,0.0,
R0148,Northern Mariana Islands,Eritrea,Rail,Heathrow Airport,16603,83,0,,,36,47,0,94,,Unknown,,0.5,0.0,
R0149,Estonia,Lithuania,Air,Shanghai Port,16647,33,0,,,73,83,0,100,,Unknown,,0.5,0.0,
R0150,Estonia,Estonia,Sea,Dubai Port,8944,89,0,,,32,39,0,87,,Unknown,,0.5,0.0,
R0151,Isle Of Man,Cambodia,Air,Frankfurt Airport,11540,14,0,,,78,8,0,89,,Unknown,,0.5,0.0,
R0152,United States Virgin Islands,France,Air,Sydney Port,8381,16,0,,,84,20,0,91,,Unknown,,0.5,0.0,
R0153,Bosnia And Herzegovina,Moldova,Sea,Los Angeles Port,3579,35,0,,,34,17,0,95,,Unknown,,0.5,0.0,
R0154,Heard Island And Mcdonald Islands,New Caledonia,Road,Dubai Port,17185,107,0,,,59,53,0,96,,Unknown,,0.5,0.0,
R0155,Greece,Czech Republic,Road,Tokyo Port,15219,152,5,Accident,Low,5,25,0,99,,Unknown,,0.5,0.0,
R0156,Portugal,Nauru,Air,Sydney Port,11057,13,0,,,6,34,0,87,,Unknown,,0.5,0.0,
R0157,Brunei Darussalam,Uruguay,Sea,Santos Port,4066,40,0,,,55,84,0,95,,Unknown,,0.5,0.0,
R0158,Angola,San Marino,Air,Santos Port,10402,10,0,,,8,12,0,97,,Unknown,,0.5,0.0,
R0159,Sierra Leone,Sierra Leone,Air,Santos Port,7973,15,0,,,12,70,0,90,,Unknown,,0.5,0.0,
R0160,Liberia,Sweden,Sea,Los Angeles Port,17273,172,12,Congestion,High,30,93,0,98,,Unknown,,0.5,0.0,
R0161,Anguilla,Papua New Guinea,Rail,Dubai Port,1462,9,0,,,13,50,0,96,,Unknown,,0.5,0.0,
R0162,Mauritania,Honduras,Air,Rotterdam Port,16347,16,0,,,92,84,0,91,,Unknown,,0.5,0.0,
R0163,Liberia,Tokelau,Air,Dubai Port,3838,7,0,,,8,3,0,97,,Unknown,,0.5,0.0,
R0164,Estonia,Djibouti,Road,Dubai Port,8631,53,0,,,51,44,0,86,,Unknown,,0.5,0.0,
R0165,Isle Of Man,Sudan,Road,Heathrow Airport,12981,64,2,Accident,High,73,92,0,98,,Unknown,,0.5,0.0,
R0166,Mongolia,Guinea,Air,Shanghai Port,9876,12,6,Political unrest,Medium,19,69,1,90,,Unknown,,0.5,0.0,
R0167,Venezuela,Marshall Islands,Road,Changi Airport,10184,101,0,,,72,78,0,90,,Unknown,,0.5,0.0,0.5
R0168,Rwanda,Liberia,Road,Changi Airport,13545,135,0,,,44,23,0,85,,Unknown,,0.5,0.0,
R0169,Norfolk Island,Korea,Sea,Los Angeles Port,13546,135,0,,,74,71,0,94,,Unknown,,0.5,0.0,
R0170,Bosnia And Herzegovina,Christmas Island,Rail,Tokyo Port,6422,32,0,,,26,18,0,95,,Unknown,,0.5,0.0,
R0171,Niue,Saint Kitts And Nevis,Rail,Los Angeles Port,6459,40,0,,,78,100,0,91,,Unknown,,0.5,0.0,
R0172,Colombia,Gambia,Road,Heathrow Airport,3067,19,0,,,89,11,0,91,,Unknown,,0.5,0.0,
R0173,Mongolia,New Zealand,Rail,Los Angeles Port,16633,103,0,,,75,66,0,98,,Unknown,,0.5,0.0,
R0174,Greece,Micronesia,Air,Frankfurt Airport,9256,9,0,,,7,49,0,87,,Unknown,,0.5,0.0,
R0175,Heard Island And Mcdonald Islands,Cook Islands,Rail,Frankfurt Airport,9107,45,0,,,63,100,0,94,,Unknown,,0.5,0.0,
R0176,British Virgin Islands,Switzerland,Sea,Tokyo Port,16619,83,12,Strike,High,32,0,0,99,,Unknown,,0.5,0.0,
R0177,Seychelles,Christmas Island,Road,Frankfurt Airport,997,6,14,Accident,Medium,68,3,0,86,,Unknown,,0.5,0.0,
R0178,Venezuela,Guinea-Bissau,Sea,Rotterdam Port,6880,43,5,Accident,Medium,31,2,0,98,,Unknown,,0.5,0.0,0.5
R0179,Azerbaijan,Andorra,Air,Santos Port,1936,3,14,Strike,Medium,96,49,0,99,,Unknown,,0.5,0.0,
R0180,Greece,Belize,Road,Rotterdam Port,11238,112,0,,,29,84,0,98,,Unknown,,0.5,0.0,
R0181,Albania,Botswana,Sea,Heathrow Airport,16510,82,0,,,55,14,0,93,,Unknown,,0.5,0.0,
R0182,United States Virgin Islands,Suriname,Sea,Rotterdam Port,12108,121,13,Congestion,High,86,15,0,91,,Unknown,,0.5,0.0,
R0183,Jamaica,Malta,Road,Tokyo Port,4634,46,0,,,88,29,0,99,,Unknown,,0.5,0.0,
R0184,Anguilla,Malta,Sea,Sydney Port,12041,60,0,,,67,36,0,95,,Unknown,,0.5,0.0,
R0185,Dominica,Romania,Road,Sydney Port,13271,82,5,Congestion,Low,81,36,0,98,,Unknown,,0.5,0.0,
R0186,Albania,Wallis And Futuna,Road,Dubai Port,14603,91,0,,,78,61,0,96,,Unknown,,0.5,0.0,
R0187,Albania,Oman,Air,Santos Port,12046,12,0,,,79,47,0,92,,Unknown,,0.5,0.0,
R0188,Montserrat,Paraguay,Rail,Sydney Port,15651,78,0,,,92,93,0,94,,Unknown,,0.5,0.0,
R0189,Estonia,Cuba,Sea,Sydney Port,3753,23,0,,,46,67,0,97,,Unknown,,0.5,0.0,
R0190,Norfolk Island,Nepal,Rail,Frankfurt Airport,19649,98,0,,,71,71,0,85,,Unknown,,0.5,0.0,
R0191,South Africa,Sudan,Road,Tokyo Port,2504,12,0,,,92,90,0,91,,Unknown,,0.5,0.0,
R0192,Seychelles,Liechtenstein,Sea,Heathrow Airport,10936,109,0,,,84,43,0,98,,Unknown,,0.5,0.0,
R0193,Kenya,Kuwait,Road,Sydney Port,6634,33,0,,,77,2,0,86,,Unknown,,0.5,0.0,
R0194,Jamaica,Saint Pierre And Miquelon,Road,Frankfurt Airport,17421,108,0,,,7,74,0,97,,Unknown,,0.5,0.0,
R0195,Greece,Nicaragua,Rail,Frankfurt Airport,9024,45,0,,,36,97,0,90,,Unknown,,0.5,0.0,
R0196,Venezuela,Portugal,Rail,Heathrow Airport,18018,90,0,,,30,7,0,98,,Unknown,,0.5,0.0,0.5
R0197,Sierra Leone,Luxembourg,Air,Sydney Port,15637,15,0,,,79,74,0,87,,Unknown,,0.5,0.0,
R0198,Sri Lanka,Sao Tome And Principe,Air,Dubai Port,4733,4,0,,,78,78,0,100,,Unknown,,0.5,0.0,
R0199,Sierra Leone,Nicaragua,Road,Rotterdam Port,2210,13,3,Pandemic,Low,4,94,0,88,,Unknown,,0.5,0.0,
R0200,Sri Lanka,Grenada,Road,Singapore Port,2048,20,0,,,6,56,0,97,,Unknown,,0.5,0.0,
R0201,Estonia,Guatemala,Road,Dubai Port,19016,95,0,,,24,41,0,92,,Unknown,,0.5,0.0,
R0202,Heard Island And Mcdonald Islands,Tanzania,Air,Sydney Port,5943,5,0,,,100,15,0,92,,Unknown,,0.5,0.0,
R0203,Isle Of Man,Israel,Rail,Shanghai Port,16919,84,11,Congestion,Low,15,33,0,88,,Unknown,,0.5,0.0,
R0204,United States Virgin Islands,Luxembourg,Sea,Hamburg Port,18145,113,0,,,61,1,0,94,,Unknown,,0.5,0.0,
R0205,Niue,Guinea,Road,Shanghai Port,19506,121,0,,,53,2,0,95,,Unknown,,0.5,0.0,
R0206,Bosnia And Herzegovina,Djibouti,Rail,Singapore Port,16787,83,0,,,26,66,0,100,,Unknown,,0.5,0.0,
R0207,South Africa,Estonia,Road,Changi Airport,10068,62,0,,,53,73,0,86,,Unknown,,0.5,0.0,
R0208,Cote D'Ivoire,Antarctica (The Territory South Of 60 Deg S),Sea,Singapore Port,3027,30,3,Weather,Low,54,67,0,97,,Unknown,,0.5,0.0,
R0209,Greece,American Samoa,Sea,Heathrow Airport,10577,66,4,Congestion,Low,96,69,0,98,,Unknown,,0.5,0.0,
R0210,Venezuela,Montenegro,Rail,Sydney Port,12667,79,6,Congestion,High,0,47,0,86,,Unknown,,0.5,0.0,0.5
R0211,British Indian Ocean Territory (Chagos Archipelago),New Zealand,Road,Rotterdam Port,18977,118,0,,,50,53,0,98,,Unknown,,0.5,0.0,
R0212,Azerbaijan,Nauru,Sea,Los Angeles Port,909,5,9,Congestion,High,39,1,0,94,,Unknown,,0.5,0.0,
R0213,Jamaica,Timor-Leste,Air,Los Angeles Port,19262,19,0,,,21,54,0,85,,Unknown,,0.5,0.0,
R0214,Guam,Western Sahara,Air,Sydney Port,3191,6,0,,,83,59,0,98,,Unknown,,0.5,0.0,
R0215,Kyrgyz Republic,Bhutan,Air,Dubai Port,19045,23,7,Weather,High,74,11,0,97,,Unknown,,0.5,0.0,
R0216,Angola,Brunei Darussalam,Sea,Dubai Port,19151,95,0,,,12,72,0,98,,Unknown,,0.5,0.0,
R0217,Angola,Belarus,Rail,Los Angeles Port,19456,194,0,,,59,55,0,92,,Unknown,,0.5,0.0,
R0218,Northern Mariana Islands,South Georgia And The South Sandwich Islands,Air,Heathrow Airport,11675,14,0,,,12,53,0,97,,Unknown,,0.5,0.0,
R0219,Northern Mariana Islands,Czech Republic,Air,Los Angeles Port,19787,24,0,,,38,83,0,99,,Unknown,,0.5,0.0,
R0220,Bosnia And Herzegovina,Tuvalu,Sea,Los Angeles Port,16079,100,11,Weather,Medium,43,92,0,96,,Unknown,,0.5,0.0,
R0221,Zimbabwe,New Caledonia,Road,Singapore Port,15978,159,0,,,63,66,0,93,,Unknown,,0.5,0.0,
R0222,Mongolia,Marshall Islands,Sea,Heathrow Airport,6265,62,0,,,9,38,0,93,,Unknown,,0.5,0.0,
R0223,Norfolk Island,Mauritius,Air,Changi Airport,11847,14,0,,,33,98,0,92,,Unknown,,0.5,0.0,
R0224,British Indian Ocean Territory (Chagos Archipelago),Micronesia,Rail,Shanghai Port,18764,93,0,,,77,11,0,97,,Unknown,,0.5,0.0,
R0225,Isle Of Man,Bahamas,Air,Frankfurt Airport,9251,11,0,,,70,75,0,89,,Unknown,,0.5,0.0,
R0226,Montserrat,Vanuatu,Air,Rotterdam Port,1373,1,12,Weather,Low,5,64,0,100,,Unknown,,0.5,0.0,
R0227,Colombia,Thailand,Sea,Shanghai Port,18537,115,0,,,56,50,0,90,,Unknown,,0.5,0.0,
R0228,Portugal,Canada,Sea,Heathrow Airport,15899,99,0,,,78,1,0,87,,Unknown,,0.5,0.0,
R0229,Colombia,Anguilla,Air,Shanghai Port,19212,38,8,Political unrest,Low,48,46,1,96,,Unknown,,0.5,0.0,
R0230,Zimbabwe,United Kingdom,Sea,Los Angeles Port,8762,43,0,,,84,56,0,94,,Unknown,,0.5,0.0,
R0231,Niue,China,Sea,Rotterdam Port,18628,116,5,Weather,Low,75,69,0,91,,Unknown,,0.5,0.0,
R0232,Isle Of Man,Nepal,Sea,Tokyo Port,18377,91,0,,,19,6,0,91,,Unknown,,0.5,0.0,
R0233,Azerbaijan,Georgia,Sea,Shanghai Port,3279,20,0,,,16,91,0,85,,Unknown,,0.5,0.0,
R0234,Brunei Darussalam,Pitcairn Islands,Rail,Dubai Port,8282,82,0,,,66,57,0,94,,Unknown,,0.5,0.0,
R0235,Colombia,Indonesia,Sea,Dubai Port,5236,26,0,,,95,0,0,92,,Unknown,,0.5,0.0,
R0236,Kenya,Equatorial Guinea,Road,Frankfurt Airport,1460,9,0,,,1,28,0,94,,Unknown,,0.5,0.0,
R0237,Anguilla,Dominica,Road,Singapore Port,13440,134,0,,,2,75,0,88,,Unknown,,0.5,0.0,
R0238,British Indian Ocean Territory (Chagos Archipelago),Northern Mariana Islands,Rail,Los Angeles Port,7152,71,0,,,43,70,0,88,,Unknown,,0.5,0.0,
R0239,South Africa,Christmas Island,Road,Sydney Port,1904,19,0,,,79,41,0,85,,Unknown,,0.5,0.0,
R0240,Montserrat,Italy,Air,Santos Port,18093,22,0,,,62,20,0,92,,Unknown,,0.5,0.0,
R0241,Kyrgyz Republic,Finland,Air,Sydney Port,14309,17,0,,,3,74,0,95,,Unknown,,0.5,0.0,
R0242,Portugal,Bahrain,Air,Sydney Port,13123,26,0,,,16,37,0,95,,Unknown,,0.5,0.0,
R0243,Estonia,Italy,Rail,Sydney Port,8758,87,0,,,23,17,0,96,,Unknown,,0.5,0.0,
R0244,Liberia,Burundi,Rail,Rotterdam Port,12132,60,0,,,74,41,0,91,,Unknown,,0.5,0.0,
R0245,Zambia,Suriname,Road,Shanghai Port,10350,64,0,,,63,72,0,96,,Unknown,,0.5,0.0,
R0246,Heard Island And Mcdonald Islands,Denmark,Air,Shanghai Port,4863,6,0,,,60,77,0,85,,Unknown,,0.5,0.0,
R0247,Colombia,Ethiopia,Air,Shanghai Port,6327,6,0,,,39,31,0,100,,Unknown,,0.5,0.0,
R0248,Estonia,Pakistan,Air,Heathrow Airport,11061,13,0,,,82,97,0,94,,Unknown,,0.5,0.0,
R0249,Azerbaijan,Mexico,Rail,Rotterdam Port,9350,93,0,,,88,88,0,92,,Unknown,,0.5,0.0,
R0250,Vanuatu,Lao People'S Democratic Republic,Rail,Tokyo Port,3662,22,5,Strike,Medium,15,59,0,100,,Unknown,,0.5,0.0,
R0251,Mongolia,New Zealand,Rail,Dubai Port,18618,116,0,,,33,85,0,92,,Unknown,,0.5,0.0,
R0252,Norfolk Island,Solomon Islands,Road,Changi Airport,11630,116,0,,,24,80,0,89,,Unknown,,0.5,0.0,
R0253,British Indian Ocean Territory (Chagos Archipelago),Netherlands,Air,Singapore Port,9690,12,0,,,15,45,0,92,,Unknown,,0.5,0.0,
R0254,Portugal,Cameroon,Road,Rotterdam Port,1630,10,0,,,36,85,0,98,,Unknown,,0.5,0.0,
R0255,Mongolia,Cameroon,Rail,Tokyo Port,17788,111,0,,,86,94,0,85,,Unknown,,0.5,0.0,
R0256,Venezuela,Lao People'S Democratic Republic,Rail,Los Angeles Port,10402,65,0,,,74,27,0,91,,Unknown,,0.5,0.0,0.5
R0257,Bosnia And Herzegovina,Guadeloupe,Rail,Heathrow Airport,18577,92,0,,,50,77,0,86,,Unknown,,0.5,0.0,
R0258,Colombia,Sweden,Road,Santos Port,19853,198,3,Congestion,Low,87,80,0,92,,Unknown,,0.5,0.0,
R0259,Brunei Darussalam,Ethiopia,Sea,Heathrow Airport,1377,8,0,,,24,63,0,88,,Unknown,,0.5,0.0,
R0260,Venezuela,Cook Islands,Air,Santos Port,1485,1,0,,,90,1,0,89,,Unknown,,0.5,0.0,0.5
R0261,Nauru,Mongolia,Rail,Shanghai Port,2054,20,2,Strike,Medium,44,76,0,100,,Unknown,,0.5,0.0,
R0262,Bosnia And Herzegovina,Guernsey,Road,Frankfurt Airport,1403,14,0,,,73,15,0,94,,Unknown,,0.5,0.0,
R0263,Montserrat,Mayotte,Air,Tokyo Port,10646,21,0,,,64,30,0,85,,Unknown,,0.5,0.0,
R0264,Norfolk Island,Sierra Leone,Road,Hamburg Port,8576,85,0,,,89,52,0,89,,Unknown,,0.5,0.0,
R0265,Zimbabwe,Timor-Leste,Rail,Hamburg Port,4321,27,10,Congestion,Low,28,48,0,93,,Unknown,,0.5,0.0,
R0266,Montenegro,Martinique,Sea,Shanghai Port,19299,120,0,,,57,65,0,100,,Unknown,,0.5,0.0,
R0267,Norfolk Island,Hong Kong,Air,Tokyo Port,2262,2,0,,,34,54,0,96,,Unknown,,0.5,0.0,
R0268,Niue,Saint Lucia,Road,Hamburg Port,13096,81,0,,,66,71,0,96,,Unknown,,0.5,0.0,
R0269,Brunei Darussalam,Thailand,Sea,Changi Airport,14453,72,0,,,44,4,0,90,,Unknown,,0.5,0.0,
R0270,Dominica,United States Of America,Rail,Hamburg Port,4095,25,0,,,97,88,0,98,,Unknown,,0.5,0.0,
R0271,British Indian Ocean Territory (Chagos Archipelago),Saint Lucia,Road,Heathrow Airport,1495,9,0,,,66,77,0,98,,Unknown,,0.5,0.0,
R0272,Greece,Antarctica (The Territory South Of 60 Deg S),Air,Rotterdam Port,7582,9,9,Political unrest,Medium,77,30,1,93,,Unknown,,0.5,0.0,
R0273,British Indian Ocean Territory (Chagos Archipelago),Tonga,Air,Sydney Port,10220,20,0,,,91,71,0,85,,Unknown,,0.5,0.0,
R0274,Liberia,Niue,Road,Dubai Port,11562,72,0,,,97,49,0,93,,Unknown,,0.5,0.0,
R0275,Niue,Nauru,Road,Changi Airport,11738,58,0,,,57,17,0,85,,Unknown,,0.5,0.0,
R0276,Zimbabwe,Syrian Arab Republic,Sea,Los Angeles Port,19054,119,0,,,8,99,0,95,,Unknown,,0.5,0.0,
R0277,Nauru,Chad,Sea,Heathrow Airport,8564,42,0,,,95,36,0,100,,Unknown,,0.5,0.0,
R0278,Heard Island And Mcdonald Islands,Bermuda,Air,Singapore Port,5039,6,11,Congestion,Medium,49,88,0,93,,Unknown,,0.5,0.0,
R0279,Vanuatu,Lebanon,Rail,Changi Airport,3523,22,15,Strike,High,16,25,0,100,,Unknown,,0.5,0.0,
R0280,Brunei Darussalam,Vietnam,Air,Sydney Port,11212,14,9,Weather,High,15,39,0,88,,Unknown,,0.5,0.0,
R0281,Colombia,Congo,Sea,Frankfurt Airport,5972,59,0,,,16,61,0,87,,Unknown,,0.5,0.0,
R0282,British Indian Ocean Territory (Chagos Archipelago),Netherlands,Air,Dubai Port,12398,12,0,,,35,27,0,98,,Unknown,,0.5,0.0,
R0283,Dominica,United Kingdom,Air,Dubai Port,15894,31,0,,,38,7,0,98,,Unknown,,0.5,0.0,
R0284,Nauru,Sudan,Rail,Heathrow Airport,16154,161,1,Accident,Low,11,47,0,89,,Unknown,,0.5,0.0,
R0285,Anguilla,United States Minor Outlying Islands,Sea,Santos Port,10510,52,0,,,82,85,0,86,,Unknown,,0.5,0.0,
R0286,Angola,New Caledonia,Road,Dubai Port,3994,39,0,,,93,65,0,89,,Unknown,,0.5,0.0,
R0287,Northern Mariana Islands,Antigua And Barbuda,Air,Singapore Port,10388,12,0,,,90,95,0,94,,Unknown,,0.5,0.0,
R0288,Colombia,Comoros,Rail,Hamburg Port,17129,107,0,,,28,86,0,91,,Unknown,,0.5,0.0,
R0289,British Virgin Islands,Bangladesh,Sea,Santos Port,4754,29,0,,,22,1,0,92,,Unknown,,0.5,0.0,
R0290,Norfolk Island,Switzerland,Road,Frankfurt Airport,7908,79,0,,,33,89,0,88,,Unknown,,0.5,0.0,
R0291,Montserrat,Yemen,Road,Santos Port,17028,85,0,,,19,62,0,93,,Unknown,,0.5,0.0,
R0292,British Indian Ocean Territory (Chagos Archipelago),Uzbekistan,Sea,Singapore Port,15145,151,0,,,80,53,0,88,,Unknown,,0.5,0.0,
R0293,Greece,American Samoa,Sea,Tokyo Port,18154,90,0,,,98,15,0,96,,Unknown,,0.5,0.0,
R0294,Albania,Montenegro,Road,Dubai Port,6451,64,15,Accident,Medium,64,41,0,85,,Unknown,,0.5,0.0,
R0295,Rwanda,Puerto Rico,Rail,Rotterdam Port,793,3,13,Political unrest,Low,51,40,1,86,,Unknown,,0.5,0.0,
R0296,Venezuela,Sudan,Road,Rotterdam Port,9906,49,0,,,31,73,0,87,,Unknown,,0.5,0.0,0.5
R0297,Estonia,Qatar,Road,Changi Airport,12803,64,0,,,0,34,0,99,,Unknown,,0.5,0.0,
R0298,Estonia,Turkey,Sea,Hamburg Port,12529,62,0,,,15,43,0,95,,Unknown,,0.5,0.0,
R0299,Kenya,Jersey,Road,Sydney Port,6095,60,14,Political unrest,Low,12,40,1,92,,Unknown,,0.5,0.0,
R0300,Cote D'Ivoire,Sweden,Road,Singapore Port,9748,60,0,,,16,85,0,94,,Unknown,,0.5,0.0,
R0301,Heard Island And Mcdonald Islands,Bosnia And Herzegovina,Road,Dubai Port,17675,110,0,,,58,95,0,98,,Unknown,,0.5,0.0,
R0302,Northern Mariana Islands,Azerbaijan,Air,Dubai Port,5064,6,0,,,30,61,0,97,,Unknown,,0.5,0.0,
R0303,Sierra Leone,Pitcairn Islands,Sea,Rotterdam Port,1247,7,0,,,75,83,0,100,,Unknown,,0.5,0.0,
R0304,Brunei Darussalam,Tanzania,Road,Sydney Port,14300,143,0,,,81,88,0,86,,Unknown,,0.5,0.0,
R0305,Mauritania,Spain,Rail,Los Angeles Port,4033,25,0,,,24,52,0,86,,Unknown,,0.5,0.0,
R0306,Rwanda,Holy See (Vatican City State),Sea,Los Angeles Port,17388,108,0,,,55,57,0,87,,Unknown,,0.5,0.0,
R0307,Estonia,Portugal,Sea,Tokyo Port,1320,6,6,Pandemic,High,99,19,0,96,,Unknown,,0.5,0.0,
R0308,Niue,Bolivia,Sea,Changi Airport,4860,30,0,,,93,32,0,86,,Unknown,,0.5,0.0,
R0309,Azerbaijan,Mauritius,Sea,Hamburg Port,10201,51,6,Weather,Medium,38,70,0,91,,Unknown,,0.5,0.0,
R0310,Vanuatu,Ukraine,Road,Changi Airport,8897,55,0,,,17,9,0,94,,Unknown,,0.5,0.0,
R0311,Portugal,Saudi Arabia,Rail,Los Angeles Port,10721,107,0,,,3,33,0,91,,Unknown,,0.5,0.0,
R0312,Cote D'Ivoire,Mauritania,Road,Santos Port,10311,103,0,,,52,49,0,97,,Unknown,,0.5,0.0,
R0313,Brunei Darussalam,Montserrat,Air,Sydney Port,12580,25,0,,,92,84,0,85,,Unknown,,0.5,0.0,
R0314,Jamaica,Ghana,Sea,Los Angeles Port,1832,18,0,,,76,12,0,93,,Unknown,,0.5,0.0,
R0315,Northern Mariana Islands,Saint Vincent And The Grenadines,Rail,Dubai Port,12181,60,0,,,14,73,0,91,,Unknown,,0.5,0.0,
R0316,Mongolia,Bosnia And Herzegovina,Road,Shanghai Port,12380,77,10,Congestion,Medium,10,14,0,97,,Unknown,,0.5,0.0,
R0317,Tokelau,Tokelau,Rail,Rotterdam Port,3179,31,0,,,99,84,0,92,,Unknown,,0.5,0.0,
R0318,Guam,Tunisia,Air,Los Angeles Port,13391,13,11,Accident,Medium,25,88,0,98,,Unknown,,0.5,0.0,
R0319,Brunei Darussalam,Somalia,Road,Santos Port,18492,115,0,,,86,29,0,98,,Unknown,,0.5,0.0,
R0320,British Indian Ocean Territory (Chagos Archipelago),Nepal,Road,Santos Port,5069,31,0,,,69,45,0,85,,Unknown,,0.5,0.0,
R0321,Liberia,Nauru,Sea,Tokyo Port,9897,61,0,,,96,62,0,99,,Unknown,,0.5,0.0,
R0322,Greece,Colombia,Rail,Shanghai Port,10465,65,9,Weather,Medium,76,54,0,94,,Unknown,,0.5,0.0,
R0323,Guam,Saint Martin,Road,Dubai Port,7063,35,7,Weather,Low,14,90,0,98,,Unknown,,0.5,0.0,
R0324,Tokelau,Slovakia (Slovak Republic),Air,Santos Port,17750,17,0,,,1,21,0,100,,Unknown,,0.5,0.0,
R0325,Jamaica,Eritrea,Air,Rotterdam Port,641,1,0,,,69,13,0,86,,Unknown,,0.5,0.0,
R0326,Seychelles,Vanuatu,Road,Hamburg Port,1492,7,0,,,98,78,0,92,,Unknown,,0.5,0.0,
R0327,Montserrat,Togo,Road,Hamburg Port,3817,38,0,,,96,97,0,85,,Unknown,,0.5,0.0,
R0328,Venezuela,Tokelau,Sea,Rotterdam Port,18498,92,0,,,45,37,0,89,,Unknown,,0.5,0.0,0.5
R0329,Portugal,Portugal,Road,Shanghai Port,3428,34,0,,,37,56,0,91,,Unknown,,0.5,0.0,
R0330,Northern Mariana Islands,Malaysia,Air,Hamburg Port,1620,3,0,,,22,79,0,100,,Unknown,,0.5,0.0,
R0331,British Virgin Islands,Jersey,Air,Shanghai Port,11010,13,0,,,56,7,0,97,,Unknown,,0.5,0.0,
R0332,Albania,Australia,Rail,Santos Port,14391,89,0,,,2,43,0,93,,Unknown,,0.5,0.0,
R0333,South Africa,Tonga,Rail,Rotterdam Port,1174,5,0,,,74,29,0,94,,Unknown,,0.5,0.0,
R0334,Liberia,Cyprus,Air,Frankfurt Airport,17647,22,11,Political unrest,Medium,14,16,1,89,,Unknown,,0.5,0.0,
R0335,Saint Kitts And Nevis,Oman,Air,Tokyo Port,848,1,0,,,36,35,0,86,,Unknown,,0.5,0.0,
R0336,Greece,Palestinian Territory,Sea,Hamburg Port,1374,8,0,,,64,11,0,87,,Unknown,,0.5,0.0,
R0337,Vanuatu,Uzbekistan,Road,Tokyo Port,9338,58,6,Political unrest,Low,83,90,1,85,,Unknown,,0.5,0.0,
R0338,Bosnia And Herzegovina,Sierra Leone,Sea,Dubai Port,8268,82,4,Accident,High,25,69,0,96,,Unknown,,0.5,0.0,
R0339,Cote D'Ivoire,Papua New Guinea,Road,Hamburg Port,1317,8,0,,,29,47,0,85,,Unknown,,0.5,0.0,
R0340,Estonia,Saint Helena,Rail,Sydney Port,6364,39,0,,,58,75,0,85,,Unknown,,0.5,0.0,
R0341,Nauru,Saint Martin,Rail,Rotterdam Port,9993,62,0,,,86,79,0,90,,Unknown,,0.5,0.0,
R0342,Anguilla,Honduras,Air,Dubai Port,11977,11,0,,,27,26,0,91,,Unknown,,0.5,0.0,
R0343,Isle Of Man,Belarus,Sea,Frankfurt Airport,8405,42,0,,,64,16,0,91,,Unknown,,0.5,0.0,
R0344,Angola,Guyana,Sea,Rotterdam Port,7618,38,0,,,83,9,0,99,,Unknown,,0.5,0.0,
R0345,Azerbaijan,Saint Vincent And The Grenadines,Air,Heathrow Airport,9815,9,0,,,90,88,0,88,,Unknown,,0.5,0.0,
R0346,Mongolia,Trinidad And Tobago,Air,Hamburg Port,11808,23,0,,,49,25,0,95,,Unknown,,0.5,0.0,
R0347,Montserrat,Ethiopia,Sea,Santos Port,18343,91,0,,,39,85,0,98,,Unknown,,0.5,0.0,
R0348,Kyrgyz Republic,Greece,Air,Changi Airport,8477,8,10,Political unrest,High,70,88,1,92,,Unknown,,0.5,0.0,
R0349,Bosnia And Herzegovina,Niger,Road,Rotterdam Port,1568,9,0,,,87,83,0,94,,Unknown,,0.5,0.0,
R0350,Norfolk Island,Syrian Arab Republic,Road,Los Angeles Port,3200,32,0,,,23,68,0,86,,Unknown,,0.5,0.0,
R0351,Anguilla,Uganda,Air,Los Angeles Port,5874,7,0,,,24,8,0,94,,Unknown,,0.5,0.0,
R0352,Greece,Djibouti,Road,Frankfurt Airport,13599,135,0,,,97,28,0,92,,Unknown,,0.5,0.0,
R0353,Niue,Greece,Road,Santos Port,6633,41,0,,,64,55,0,98,,Unknown,,0.5,0.0,
R0354,Estonia,Marshall Islands,Rail,Tokyo Port,3314,33,0,,,76,25,0,93,,Unknown,,0.5,0.0,
R0355,Guam,South Georgia And The South Sandwich Islands,Air,Tokyo Port,8019,16,0,,,3,27,0,99,,Unknown,,0.5,0.0,
R0356,Colombia,Tanzania,Air,Changi Airport,12825,25,0,,,76,38,0,92,,Unknown,,0.5,0.0,
R0357,Montenegro,Mauritania,Rail,Frankfurt Airport,11484,114,0,,,24,18,0,92,,Unknown,,0.5,0.0,
R0358,Saint Helena,Andorra,Air,Singapore Port,10867,21,0,,,20,97,0,94,,Unknown,,0.5,0.0,
R0359,Greece,Uruguay,Sea,Heathrow Airport,19081,95,0,,,61,90,0,96,,Unknown,,0.5,0.0,
R0360,Liberia,Gambia,Air,Santos Port,4790,9,0,,,98,32,0,100,,Unknown,,0.5,0.0,
R0361,Kyrgyz Republic,Burkina Faso,Rail,Tokyo Port,7868,78,0,,,32,68,0,98,,Unknown,,0.5,0.0,
R0362,Estonia,Armenia,Road,Singapore Port,9482,59,0,,,11,52,0,100,,Unknown,,0.5,0.0,
R0363,Saint Helena,Isle Of Man,Air,Heathrow Airport,8496,10,0,,,24,12,0,86,,Unknown,,0.5,0.0,
R0364,Brunei Darussalam,Venezuela,Air,Frankfurt Airport,13051,16,11,Pandemic,Low,55,84,0,91,,Unknown,,0.5,0.0,
R0365,Albania,Gibraltar,Rail,Shanghai Port,10660,66,0,,,40,86,0,93,,Unknown,,0.5,0.0,
R0366,Niue,Guinea,Air,Changi Airport,13752,13,8,Political unrest,High,27,46,1,100,,Unknown,,0.5,0.0,
R0367,Kyrgyz Republic,Cyprus,Rail,Singapore Port,6923,34,0,,,75,96,0,87,,Unknown,,0.5,0.0,
R0368,Bosnia And Herzegovina,Svalbard & Jan Mayen Islands,Air,Sydney Port,8153,10,0,,,49,88,0,93,,Unknown,,0.5,0.0,
R0369,Portugal,Mali,Sea,Tokyo Port,6878,42,0,,,92,56,0,87,,Unknown,,0.5,0.0,
R0370,Venezuela,Bolivia,Road,Dubai Port,14680,146,0,,,48,8,0,94,,Unknown,,0.5,0.0,0.5
R0371,Seychelles,Burkina Faso,Air,Tokyo Port,776,1,10,Accident,High,56,48,0,98,,Unknown,,0.5,0.0,
R0372,Mongolia,Comoros,Rail,Los Angeles Port,18535,185,0,,,46,98,0,91,,Unknown,,0.5,0.0,
R0373,Mauritania,Mauritius,Sea,Heathrow Airport,4241,42,9,Accident,Low,21,61,0,99,,Unknown,,0.5,0.0,
R0374,Niue,Spain,Air,Heathrow Airport,3952,7,0,,,79,1,0,88,,Unknown,,0.5,0.0,
R0375,Bosnia And Herzegovina,Cuba,Road,Shanghai Port,14849,92,0,,,13,23,0,99,,Unknown,,0.5,0.0,
R0376,Greece,Sierra Leone,Sea,Shanghai Port,18166,113,0,,,85,67,0,86,,Unknown,,0.5,0.0,
R0377,Bosnia And Herzegovina,Mayotte,Road,Rotterdam Port,17275,172,12,Congestion,Medium,60,59,0,90,,Unknown,,0.5,0.0,
R0378,South Africa,Ghana,Sea,Frankfurt Airport,6550,40,0,,,38,100,0,88,,Unknown,,0.5,0.0,
R0379,United States Virgin Islands,Botswana,Road,Tokyo Port,16690,83,10,Political unrest,High,76,5,1,89,,Unknown,,0.5,0.0,
R0380,Zimbabwe,Montserrat,Road,Tokyo Port,4941,49,0,,,66,36,0,99,,Unknown,,0.5,0.0,
R0381,Greece,Sao Tome And Principe,Air,Los Angeles Port,684,1,0,,,8,74,0,88,,Unknown,,0.5,0.0,
R0382,Brunei Darussalam,San Marino,Road,Sydney Port,19263,96,0,,,35,56,0,90,,Unknown,,0.5,0.0,
R0383,Isle Of Man,Christmas Island,Sea,Dubai Port,8255,51,0,,,76,84,0,96,,Unknown,,0.5,0.0,
R0384,Zimbabwe,Montenegro,Rail,Changi Airport,17971,179,0,,,79,77,0,92,,Unknown,,0.5,0.0,
R0385,Kenya,Antarctica (The Territory South Of 60 Deg S),Rail,Los Angeles Port,7075,35,0,,,96,63,0,94,,Unknown,,0.5,0.0,
R0386,Saint Kitts And Nevis,Cape Verde,Road,Los Angeles Port,13970,87,0,,,31,26,0,98,,Unknown,,0.5,0.0,
R0387,British Indian Ocean Territory (Chagos Archipelago),Angola,Road,Shanghai Port,9380,58,0,,,57,89,0,92,,Unknown,,0.5,0.0,
R0388,Estonia,Saint Barthelemy,Rail,Singapore Port,8403,42,0,,,97,92,0,94,,Unknown,,0.5,0.0,
R0389,Anguilla,Nauru,Sea,Heathrow Airport,1040,10,0,,,48,14,0,95,,Unknown,,0.5,0.0,
R0390,Colombia,Andorra,Air,Los Angeles Port,5799,11,0,,,7,97,0,86,,Unknown,,0.5,0.0,
R0391,Jamaica,Switzerland,Air,Singapore Port,1709,3,0,,,81,21,0,94,,Unknown,,0.5,0.0,
R0392,Nauru,Bangladesh,Air,Heathrow Airport,6848,8,0,,,62,63,0,85,,Unknown,,0.5,0.0,
R0393,Saint Kitts And Nevis,Hungary,Air,Singapore Port,18505,23,0,,,31,26,0,85,,Unknown,,0.5,0.0,
R0394,Bosnia And Herzegovina,France,Air,Los Angeles Port,5275,5,0,,,87,10,0,92,,Unknown,,0.5,0.0,
R0395,Dominica,Burundi,Air,Hamburg Port,15977,31,0,,,6,4,0,91,,Unknown,,0.5,0.0,
R0396,Isle Of Man,Falkland Islands (Malvinas),Road,Heathrow Airport,8994,44,0,,,77,49,0,99,,Unknown,,0.5,0.0,
R0397,Montenegro,Tokelau,Rail,Changi Airport,9561,59,12,Accident,Low,28,41,0,98,,Unknown,,0.5,0.0,
R0398,Seychelles,El Salvador,Rail,Tokyo Port,8485,42,0,,,78,59,0,98,,Unknown,,0.5,0.0,
R0399,Zimbabwe,Sri Lanka,Road,Tokyo Port,14359,143,0,,,44,76,0,85,,Unknown,,0.5,0.0,
R0400,Azerbaijan,Morocco,Road,Santos Port,17664,176,0,,,53,74,0,85,,Unknown,,0.5,0.0,
R0401,Kyrgyz Republic,Palau,Rail,Changi Airport,14063,70,3,Political unrest,High,74,16,1,92,,Unknown,,0.5,0.0,
R0402,Tokelau,Saint Vincent And The Grenadines,Sea,Shanghai Port,8341,52,9,Political unrest,Medium,91,13,1,89,,Unknown,,0.5,0.0,
R0403,British Indian Ocean Territory (Chagos Archipelago),Bolivia,Air,Tokyo Port,7213,7,0,,,51,66,0,88,,Unknown,,0.5,0.0,
R0404,Greece,Morocco,Sea,Frankfurt Airport,2964,29,1,Strike,Medium,71,52,0,94,,Unknown,,0.5,0.0,
R0405,Rwanda,Isle Of Man,Sea,Singapore Port,11574,72,9,Political unrest,Medium,57,35,1,90,,Unknown,,0.5,0.0,
R0406,Bosnia And Herzegovina,Malaysia,Air,Heathrow Airport,19587,39,13,Congestion,Medium,39,19,0,90,,Unknown,,0.5,0.0,
R0407,Nauru,Andorra,Sea,Frankfurt Airport,16920,84,0,,,6,12,0,86,,Unknown,,0.5,0.0,
R0408,Mauritania,Belize,Rail,Heathrow Airport,18392,114,8,Weather,Low,58,41,0,92,,Unknown,,0.5,0.0,
R0409,Brunei Darussalam,Saint Pierre And Miquelon,Rail,Santos Port,6426,40,0,,,58,92,0,85,,Unknown,,0.5,0.0,
R0410,Guam,Eritrea,Rail,Rotterdam Port,3436,34,8,Accident,High,26,27,0,95,,Unknown,,0.5,0.0,
R0411,British Indian Ocean Territory (Chagos Archipelago),Bangladesh,Rail,Tokyo Port,3367,33,0,,,92,94,0,96,,Unknown,,0.5,0.0,
R0412,Bosnia And Herzegovina,Iceland,Sea,Heathrow Airport,15198,75,0,,,64,64,0,86,,Unknown,,0.5,0.0,
R0413,British Virgin Islands,Oman,Rail,Tokyo Port,10440,52,2,Weather,Low,36,31,0,94,,Unknown,,0.5,0.0,
R0414,Vanuatu,Panama,Road,Heathrow Airport,16914,169,0,,,41,95,0,94,,Unknown,,0.5,0.0,
R0415,Jamaica,Switzerland,Rail,Tokyo Port,17250,172,0,,,95,56,0,85,,Unknown,,0.5,0.0,
R0416,Bosnia And Herzegovina,Tunisia,Sea,Frankfurt Airport,14379,71,9,Accident,Medium,40,5,0,98,,Unknown,,0.5,0.0,
R0417,Montserrat,Korea,Rail,Singapore Port,1558,9,12,Political unrest,Low,26,88,1,99,,Unknown,,0.5,0.0,
R0418,Zimbabwe,Uganda,Rail,Shanghai Port,8546,42,0,,,5,62,0,90,,Unknown,,0.5,0.0,
R0419,Greece,Algeria,Road,Rotterdam Port,6133,61,0,,,11,18,0,92,,Unknown,,0.5,0.0,
R0420,Norfolk Island,Bulgaria,Sea,Rotterdam Port,18045,90,14,Strike,Medium,32,54,0,91,,Unknown,,0.5,0.0,
R0421,Rwanda,Timor-Leste,Sea,Heathrow Airport,16297,101,0,,,81,37,0,89,,Unknown,,0.5,0.0,
R0422,Isle Of Man,Panama,Rail,Sydney Port,1763,17,0,,,6,11,0,100,,Unknown,,0.5,0.0,
R0423,Rwanda,Sao Tome And Principe,Road,Singapore Port,16493,82,0,,,59,93,0,98,,Unknown,,0.5,0.0,
R0424,Niue,Djibouti,Road,Changi Airport,12768,127,0,,,65,50,0,91,,Unknown,,0.5,0.0,
R0425,Norfolk Island,Bahrain,Road,Singapore Port,16257,162,0,,,25,45,0,89,,Unknown,,0.5,0.0,
R0426,South Africa,Liberia,Rail,Rotterdam Port,16932,105,6,Accident,Medium,18,46,0,95,,Unknown,,0.5,0.0,
R0427,Mauritania,Saint Kitts And Nevis,Rail,Hamburg Port,1930,19,0,,,24,46,0,93,,Unknown,,0.5,0.0,
R0428,Rwanda,Ukraine,Air,Changi Airport,8318,8,0,,,97,50,0,98,,Unknown,,0.5,0.0,
R0429,Northern Mariana Islands,Bolivia,Rail,Hamburg Port,7898,39,0,,,18,49,0,96,,Unknown,,0.5,0.0,
R0430,Greece,Iran,Sea,Rotterdam Port,7514,37,0,,,28,48,0,85,,Unknown,,0.5,0.0,
R0431,Greece,Barbados,Air,Shanghai Port,4952,6,0,,,52,30,0,100,,Unknown,,0.5,0.0,
R0432,Mongolia,Dominican Republic,Road,Changi Airport,2365,14,0,,,44,95,0,100,,Unknown,,0.5,0.0,
R0433,Angola,France,Rail,Sydney Port,4349,43,0,,,47,14,0,89,,Unknown,,0.5,0.0,
R0434,Saint Lucia,Hong Kong,Road,Shanghai Port,566,5,0,,,26,17,0,86,,Unknown,,0.5,0.0,
R0435,Greece,Australia,Sea,Tokyo Port,16254,81,0,,,87,4,0,95,,Unknown,,0.5,0.0,
R0436,Portugal,Iran,Road,Heathrow Airport,7598,37,0,,,34,66,0,100,,Unknown,,0.5,0.0,
R0437,Kenya,Guernsey,Sea,Sydney Port,9405,58,0,,,75,18,0,100,,Unknown,,0.5,0.0,
R0438,Zambia,Cuba,Road,Changi Airport,17938,89,0,,,95,80,0,92,,Unknown,,0.5,0.0,
R0439,Liberia,Saint Vincent And The Grenadines,Sea,Changi Airport,13864,86,0,,,50,14,0,86,,Unknown,,0.5,0.0,
R0440,Saint Kitts And Nevis,Mayotte,Sea,Santos Port,6439,32,0,,,90,29,0,87,,Unknown,,0.5,0.0,
R0441,Saint Kitts And Nevis,China,Sea,Hamburg Port,13173,131,0,,,57,7,0,86,,Unknown,,0.5,0.0,
R0442,Liberia,Morocco,Road,Shanghai Port,17402,174,0,,,26,80,0,99,,Unknown,,0.5,0.0,
R0443,Azerbaijan,Oman,Rail,Los Angeles Port,4345,27,2,Weather,High,67,97,0,89,,Unknown,,0.5,0.0,
R0444,Tokelau,Norfolk Island,Air,Santos Port,3428,4,0,,,86,27,0,91,,Unknown,,0.5,0.0,
R0445,Saint Helena,San Marino,Road,Sydney Port,4026,20,0,,,39,35,0,100,,Unknown,,0.5,0.0,
R0446,Rwanda,French Guiana,Air,Shanghai Port,2253,4,0,,,97,1,0,98,,Unknown,,0.5,0.0,
R0447,Norfolk Island,El Salvador,Air,Changi Airport,3035,3,0,,,39,94,0,88,,Unknown,,0.5,0.0,
R0448,Estonia,Macao,Air,Los Angeles Port,16058,20,13,Weather,Low,8,83,0,93,,Unknown,,0.5,0.0,
R0449,Estonia,Austria,Rail,Singapore Port,4643,29,0,,,66,59,0,94,,Unknown,,0.5,0.0,
R0450,Isle Of Man,Christmas Island,Air,Changi Airport,4701,4,0,,,78,2,0,87,,Unknown,,0.5,0.0,
R0451,Isle Of Man,Ghana,Air,Shanghai Port,10812,21,0,,,100,12,0,98,,Unknown,,0.5,0.0,
R0452,Zimbabwe,Sri Lanka,Sea,Changi Airport,5903,29,0,,,96,9,0,97,,Unknown,,0.5,0.0,
R0453,Dominica,Pitcairn Islands,Air,Heathrow Airport,2283,4,0,,,41,19,0,85,,Unknown,,0.5,0.0,
R0454,Albania,Canada,Rail,Shanghai Port,17148,171,0,,,66,84,0,87,,Unknown,,0.5,0.0,
R0455,Kyrgyz Republic,Papua New Guinea,Sea,Changi Airport,10067,50,0,,,85,35,0,98,,Unknown,,0.5,0.0,
R0456,Estonia,Barbados,Rail,Santos Port,11953,59,7,Accident,High,43,44,0,86,,Unknown,,0.5,0.0,
R0457,Greece,Serbia,Air,Tokyo Port,1752,3,0,,,51,20,0,91,,Unknown,,0.5,0.0,
R0458,Seychelles,Niue,Road,Rotterdam Port,14163,88,0,,,35,74,0,86,,Unknown,,0.5,0.0,
R0459,Greece,Christmas Island,Road,Dubai Port,4763,23,0,,,23,20,0,90,,Unknown,,0.5,0.0,
R0460,Norfolk Island,Congo,Sea,Shanghai Port,8960,44,2,Political unrest,Low,87,93,1,94,,Unknown,,0.5,0.0,
R0461,Sri Lanka,Madagascar,Rail,Santos Port,1374,6,8,Accident,Medium,60,5,0,90,,Unknown,,0.5,0.0,
R0462,Saint Helena,Gabon,Rail,Dubai Port,10902,54,13,Pandemic,Low,25,41,0,86,,Unknown,,0.5,0.0,
R0463,Tokelau,Iran,Road,Changi Airport,9699,48,9,Congestion,Medium,89,57,0,89,,Unknown,,0.5,0.0,
R0464,Brunei Darussalam,Albania,Rail,Los Angeles Port,15676,78,0,,,98,54,0,94,,Unknown,,0.5,0.0,
R0465,Albania,Norway,Rail,Los Angeles Port,9682,60,0,,,64,36,0,87,,Unknown,,0.5,0.0,
R0466,South Africa,Japan,Air,Heathrow Airport,5769,11,0,,,23,89,0,89,,Unknown,,0.5,0.0,
R0467,United States Virgin Islands,Kenya,Air,Hamburg Port,6454,8,0,,,37,52,0,92,,Unknown,,0.5,0.0,
R0468,Colombia,Croatia,Sea,Santos Port,17471,87,0,,,35,38,0,92,,Unknown,,0.5,0.0,
R0469,Kenya,Trinidad And Tobago,Sea,Dubai Port,15827,158,0,,,54,8,0,94,,Unknown,,0.5,0.0,
R0470,Northern Mariana Islands,Mongolia,Sea,Sydney Port,6577,65,12,Pandemic,High,92,6,0,87,,Unknown,,0.5,0.0,
R0471,Isle Of Man,Kuwait,Sea,Shanghai Port,4579,22,0,,,23,66,0,100,,Unknown,,0.5,0.0,
R0472,Northern Mariana Islands,Burundi,Air,Singapore Port,7356,14,0,,,14,60,0,88,,Unknown,,0.5,0.0,
R0473,Tokelau,Chile,Air,Frankfurt Airport,1307,1,0,,,22,45,0,87,,Unknown,,0.5,0.0,
R0474,Estonia,Cameroon,Air,Hamburg Port,4035,8,0,,,92,6,0,94,,Unknown,,0.5,0.0,
R0475,Kenya,Pakistan,Sea,Los Angeles Port,10767,53,14,Congestion,Medium,32,37,0,100,,Unknown,,0.5,0.0,
R0476,Vanuatu,Mali,Rail,Tokyo Port,19542,97,2,Weather,High,34,66,0,97,,Unknown,,0.5,0.0,
R0477,Liberia,New Caledonia,Road,Hamburg Port,9626,48,0,,,42,49,0,94,,Unknown,,0.5,0.0,
R0478,Azerbaijan,Lesotho,Road,Dubai Port,18854,188,0,,,71,74,0,86,,Unknown,,0.5,0.0,
R0479,British Virgin Islands,Zambia,Air,Los Angeles Port,6795,13,0,,,24,84,0,93,,Unknown,,0.5,0.0,
R0480,Saint Helena,Hungary,Air,Heathrow Airport,3297,3,0,,,51,50,0,96,,Unknown,,0.5,0.0,
R0481,Brunei Darussalam,Macedonia,Air,Changi Airport,17612,22,0,,,79,91,0,95,,Unknown,,0.5,0.0,
R0482,Bosnia And Herzegovina,Colombia,Air,Changi Airport,10118,20,0,,,64,0,0,87,,Unknown,,0.5,0.0,
R0483,Albania,Costa Rica,Rail,Santos Port,8275,82,0,,,14,28,0,90,,Unknown,,0.5,0.0,
R0484,Heard Island And Mcdonald Islands,Canada,Rail,Hamburg Port,10771,107,13,Political unrest,Medium,28,14,1,91,,Unknown,,0.5,0.0,
R0485,Sierra Leone,Saint Helena,Sea,Changi Airport,4315,21,0,,,22,76,0,92,,Unknown,,0.5,0.0,
R0486,Estonia,Jamaica,Air,Frankfurt Airport,15584,31,10,Political unrest,Medium,99,38,1,85,,Unknown,,0.5,0.0,
R0487,Nauru,Martinique,Road,Tokyo Port,2055,20,0,,,54,15,0,90,,Unknown,,0.5,0.0,
R0488,Azerbaijan,Ukraine,Road,Los Angeles Port,8523,53,0,,,37,28,0,98,,Unknown,,0.5,0.0,
R0489,Nauru,Equatorial Guinea,Air,Heathrow Airport,15786,15,0,,,33,55,0,95,,Unknown,,0.5,0.0,
R0490,Rwanda,United Arab Emirates,Sea,Hamburg Port,16516,165,14,Congestion,Medium,23,61,0,99,,Unknown,,0.5,0.0,
R0491,Albania,South Africa,Road,Dubai Port,12025,60,0,,,46,100,0,86,,Unknown,,0.5,0.0,
R0492,Brunei Darussalam,Bouvet Island (Bouvetoya),Air,Dubai Port,16470,16,1,Strike,Medium,67,99,0,86,,Unknown,,0.5,0.0,
R0493,Liberia,Zambia,Sea,Shanghai Port,970,6,0,,,27,52,0,95,,Unknown,,0.5,0.0,
R0494,Brunei Darussalam,French Polynesia,Rail,Heathrow Airport,15223,95,14,Congestion,Low,37,44,0,98,,Unknown,,0.5,0.0,
R0495,Montenegro,Benin,Road,Dubai Port,18389,91,0,,,54,27,0,89,,Unknown,,0.5,0.0,
R0496,Guam,Saint Lucia,Rail,Dubai Port,1947,19,0,,,20,52,0,100,,Unknown,,0.5,0.0,
R0497,Seychelles,Bouvet Island (Bouvetoya),Sea,Frankfurt Airport,19894,124,0,,,71,62,0,97,,Unknown,,0.5,0.0,
R0498,Venezuela,Armenia,Road,Tokyo Port,15864,99,0,,,64,83,0,98,,Unknown,,0.5,0.0,0.5
R0499,Colombia,Guadeloupe,Road,Heathrow Airport,18084,180,0,,,86,25,0,100,,Unknown,,0.5,0.0,
R0500,Venezuela,Vanuatu,Sea,Los Angeles Port,18912,189,6,Weather,Medium,15,86,0,100,,Unknown,,0.5,0.0,0.5
R0501,Montenegro,Vietnam,Air,Shanghai Port,16728,20,0,,,84,100,0,91,,Unknown,,0.5,0.0,
R0502,British Virgin Islands,Uganda,Rail,Dubai Port,13625,68,0,,,77,33,0,92,,Unknown,,0.5,0.0,
R0503,Rwanda,Cuba,Road,Tokyo Port,4949,49,0,,,96,47,0,93,,Unknown,,0.5,0.0,
R0504,Jamaica,Gabon,Air,Heathrow Airport,2569,3,0,,,92,79,0,91,,Unknown,,0.5,0.0,
R0505,British Virgin Islands,Western Sahara,Road,Shanghai Port,12014,75,0,,,25,24,0,92,,Unknown,,0.5,0.0,
R0506,Estonia,Solomon Islands,Road,Rotterdam Port,12423,62,0,,,6,25,0,92,,Unknown,,0.5,0.0,
R0507,Liberia,Kenya,Road,Sydney Port,8720,87,11,Pandemic,Medium,8,66,0,94,,Unknown,,0.5,0.0,
R0508,Anguilla,Myanmar,Road,Santos Port,2659,26,12,Congestion,Low,5,95,0,94,,Unknown,,0.5,0.0,
R0509,Mauritania,Guam,Air,Shanghai Port,4712,5,0,,,86,31,0,85,,Unknown,,0.5,0.0,
R0510,Vanuatu,Guinea,Road,Frankfurt Airport,5254,52,0,,,56,92,0,97,,Unknown,,0.5,0.0,
R0511,Guam,El Salvador,Rail,Changi Airport,6403,32,0,,,96,0,0,95,,Unknown,,0.5,0.0,
R0512,British Indian Ocean Territory (Chagos Archipelago),Mali,Road,Dubai Port,15963,99,0,,,68,74,0,90,,Unknown,,0.5,0.0,
R0513,Estonia,Cuba,Sea,Shanghai Port,17409,174,0,,,8,76,0,95,,Unknown,,0.5,0.0,
R0514,Nauru,Sweden,Road,Sydney Port,756,3,0,,,92,52,0,97,,Unknown,,0.5,0.0,
R0515,Greece,Georgia,Rail,Singapore Port,17077,85,0,,,78,69,0,93,,Unknown,,0.5,0.0,
R0516,Estonia,Lao People'S Democratic Republic,Road,Rotterdam Port,11092,110,0,,,44,9,0,91,,Unknown,,0.5,0.0,
R0517,Montenegro,Niger,Rail,Los Angeles Port,10358,51,0,,,91,73,0,89,,Unknown,,0.5,0.0,
R0518,Mongolia,Luxembourg,Air,Santos Port,2059,2,0,,,7,3,0,99,,Unknown,,0.5,0.0,
R0519,Portugal,Kiribati,Rail,Hamburg Port,18095,113,0,,,4,48,0,98,,Unknown,,0.5,0.0,
R0520,Estonia,Eritrea,Road,Dubai Port,15233,152,0,,,17,27,0,89,,Unknown,,0.5,0.0,
R0521,Zambia,Rwanda,Sea,Los Angeles Port,18556,185,0,,,97,66,0,87,,Unknown,,0.5,0.0,
R0522,Angola,Sao Tome And Principe,Air,Changi Airport,5714,5,0,,,62,7,0,100,,Unknown,,0.5,0.0,
R0523,Mauritania,United States Virgin Islands,Road,Dubai Port,8525,53,0,,,72,76,0,100,,Unknown,,0.5,0.0,
R0524,Dominica,Comoros,Air,Singapore Port,12027,12,0,,,98,13,0,99,,Unknown,,0.5,0.0,
R0525,Zimbabwe,Cook Islands,Air,Frankfurt Airport,1071,1,1,Strike,High,2,33,0,97,,Unknown,,0.5,0.0,
R0526,Anguilla,Denmark,Sea,Heathrow Airport,743,7,0,,,35,52,0,86,,Unknown,,0.5,0.0,
R0527,Zambia,Kiribati,Rail,Sydney Port,1832,9,0,,,75,39,0,94,,Unknown,,0.5,0.0,
R0528,Norfolk Island,Netherlands,Sea,Dubai Port,10532,105,0,,,97,51,0,99,,Unknown,,0.5,0.0,
R0529,Estonia,Monaco,Rail,Los Angeles Port,9821,61,14,Pandemic,Low,7,32,0,97,,Unknown,,0.5,0.0,
R0530,Kyrgyz Republic,Bahamas,Road,Hamburg Port,11867,59,0,,,19,63,0,100,,Unknown,,0.5,0.0,
R0531,Estonia,El Salvador,Sea,Santos Port,17669,88,0,,,51,51,0,88,,Unknown,,0.5,0.0,
R0532,Saint Lucia,Cote D'Ivoire,Air,Santos Port,7654,7,0,,,57,75,0,87,,Unknown,,0.5,0.0,
R0533,Isle Of Man,Nigeria,Rail,Heathrow Airport,10152,63,10,Accident,Low,37,3,0,100,,Unknown,,0.5,0.0,
R0534,Rwanda,Tanzania,Rail,Los Angeles Port,5643,56,0,,,83,8,0,95,,Unknown,,0.5,0.0,
R0535,Kyrgyz Republic,Iraq,Sea,Dubai Port,13974,87,0,,,35,20,0,88,,Unknown,,0.5,0.0,
R0536,Albania,United Arab Emirates,Sea,Frankfurt Airport,4624,46,0,,,55,73,0,100,,Unknown,,0.5,0.0,
R0537,Estonia,Morocco,Air,Singapore Port,15464,30,0,,,47,5,0,85,,Unknown,,0.5,0.0,
R0538,Estonia,Cote D'Ivoire,Rail,Santos Port,8476,84,0,,,60,95,0,87,,Unknown,,0.5,0.0,
R0539,Bosnia And Herzegovina,Cape Verde,Sea,Dubai Port,7137,71,0,,,56,5,0,92,,Unknown,,0.5,0.0,
R0540,Cote D'Ivoire,Kenya,Air,Rotterdam Port,5895,7,3,Congestion,Medium,25,46,0,86,,Unknown,,0.5,0.0,
R0541,Colombia,Saint Lucia,Rail,Santos Port,4700,23,0,,,69,58,0,92,,Unknown,,0.5,0.0,
R0542,Vanuatu,Fiji,Road,Singapore Port,9175,57,14,Pandemic,Medium,40,81,0,94,,Unknown,,0.5,0.0,
R0543,Jamaica,Ireland,Sea,Singapore Port,10231,102,0,,,42,35,0,97,,Unknown,,0.5,0.0,
R0544,Albania,Nigeria,Rail,Hamburg Port,14107,88,0,,,37,45,0,86,,Unknown,,0.5,0.0,
R0545,Estonia,Serbia,Road,Dubai Port,10923,109,0,,,70,3,0,99,,Unknown,,0.5,0.0,
R0546,Greece,Colombia,Rail,Sydney Port,19704,123,0,,,6,91,0,97,,Unknown,,0.5,0.0,
R0547,Azerbaijan,Benin,Air,Los Angeles Port,7047,8,0,,,78,99,0,93,,Unknown,,0.5,0.0,
R0548,Liberia,Montenegro,Air,Changi Airport,1741,2,0,,,99,42,0,85,,Unknown,,0.5,0.0,
R0549,Norfolk Island,Cameroon,Air,Dubai Port,2373,4,0,,,60,62,0,97,,Unknown,,0.5,0.0,
R0550,Liberia,Cape Verde,Road,Heathrow Airport,11505,57,0,,,61,90,0,95,,Unknown,,0.5,0.0,
R0551,Isle Of Man,Saint Helena,Rail,Shanghai Port,3258,32,1,Strike,Medium,83,15,0,97,,Unknown,,0.5,0.0,
R0552,Estonia,Nauru,Road,Singapore Port,17888,89,0,,,16,16,0,89,,Unknown,,0.5,0.0,
R0553,Montenegro,San Marino,Road,Hamburg Port,9317,46,0,,,8,35,0,100,,Unknown,,0.5,0.0,
R0554,Estonia,Andorra,Air,Los Angeles Port,6465,6,10,Congestion,Medium,90,82,0,97,,Unknown,,0.5,0.0,
R0555,Liberia,Honduras,Sea,Rotterdam Port,12022,60,0,,,40,44,0,88,,Unknown,,0.5,0.0,
R0556,Isle Of Man,Vanuatu,Sea,Heathrow Airport,3339,16,0,,,9,16,0,99,,Unknown,,0.5,0.0,
R0557,Seychelles,Botswana,Sea,Rotterdam Port,18598,185,0,,,47,76,0,90,,Unknown,,0.5,0.0,
R0558,Colombia,Swaziland,Air,Hamburg Port,4632,5,0,,,70,32,0,98,,Unknown,,0.5,0.0,
R0559,Dominica,Sudan,Air,Hamburg Port,11851,11,12,Strike,Medium,97,36,0,87,,Unknown,,0.5,0.0,
R0560,Brunei Darussalam,British Indian Ocean Territory (Chagos Archipelago),Sea,Sydney Port,13216,132,0,,,95,52,0,88,,Unknown,,0.5,0.0,
R0561,Estonia,Nepal,Sea,Dubai Port,10022,50,10,Accident,Medium,37,20,0,89,,Unknown,,0.5,0.0,
R0562,Norfolk Island,Uganda,Sea,Heathrow Airport,5838,36,0,,,23,94,0,86,,Unknown,,0.5,0.0,
R0563,Sri Lanka,Netherlands Antilles,Rail,Heathrow Airport,7582,37,0,,,1,84,0,95,,Unknown,,0.5,0.0,
R0564,Greece,Heard Island And Mcdonald Islands,Sea,Santos Port,17230,172,0,,,44,95,0,100,,Unknown,,0.5,0.0,
R0565,Heard Island And Mcdonald Islands,Venezuela,Sea,Singapore Port,11938,119,0,,,22,31,0,97,,Unknown,,0.5,0.0,
R0566,Angola,Bolivia,Sea,Hamburg Port,4970,31,0,,,75,56,0,97,,Unknown,,0.5,0.0,
R0567,Zambia,Bahrain,Rail,Los Angeles Port,11150,111,0,,,73,38,0,87,,Unknown,,0.5,0.0,
R0568,Angola,Oman,Rail,Heathrow Airport,7647,38,0,,,35,5,0,92,,Unknown,,0.5,0.0,
R0569,British Indian Ocean Territory (Chagos Archipelago),Bulgaria,Air,Rotterdam Port,12867,12,0,,,36,11,0,93,,Unknown,,0.5,0.0,
R0570,Kyrgyz Republic,Mali,Air,Shanghai Port,3291,4,0,,,11,96,0,85,,Unknown,,0.5,0.0,
R0571,Bosnia And Herzegovina,Niue,Sea,Changi Airport,19625,122,0,,,51,42,0,87,,Unknown,,0.5,0.0,
R0572,Sri Lanka,Chad,Air,Rotterdam Port,12866,12,0,,,95,44,0,93,,Unknown,,0.5,0.0,
R0573,Mongolia,Heard Island And Mcdonald Islands,Air,Changi Airport,4326,5,0,,,13,88,0,96,,Unknown,,0.5,0.0,
R0574,British Indian Ocean Territory (Chagos Archipelago),Bahrain,Rail,Santos Port,9070,45,0,,,57,76,0,94,,Unknown,,0.5,0.0,
R0575,Sierra Leone,Cameroon,Air,Santos Port,14754,29,0,,,25,62,0,91,,Unknown,,0.5,0.0,
R0576,Brunei Darussalam,Saint Barthelemy,Rail,Shanghai Port,3241,20,0,,,55,23,0,85,,Unknown,,0.5,0.0,
R0577,Bosnia And Herzegovina,Solomon Islands,Air,Dubai Port,16022,32,0,,,58,15,0,86,,Unknown,,0.5,0.0,
R0578,British Virgin Islands,Montserrat,Rail,Changi Airport,17714,88,10,Political unrest,High,7,86,1,95,,Unknown,,0.5,0.0,
R0579,Guam,Saint Lucia,Road,Heathrow Airport,13598,135,0,,,78,10,0,90,,Unknown,,0.5,0.0,
R0580,Zimbabwe,Central African Republic,Air,Heathrow Airport,7316,7,13,Pandemic,Medium,70,66,0,97,,Unknown,,0.5,0.0,
R0581,Saint Lucia,Netherlands,Sea,Singapore Port,12372,61,0,,,94,44,0,100,,Unknown,,0.5,0.0,
R0582,Portugal,Saint Martin,Road,Los Angeles Port,2538,25,0,,,39,53,0,94,,Unknown,,0.5,0.0,
R0583,Albania,Saudi Arabia,Road,Singapore Port,1718,8,0,,,29,53,0,86,,Unknown,,0.5,0.0,
R0584,Saint Lucia,Azerbaijan,Air,Hamburg Port,5498,6,1,Congestion,High,10,89,0,98,,Unknown,,0.5,0.0,
R0585,Greece,Saint Helena,Road,Los Angeles Port,14454,144,0,,,54,67,0,100,,Unknown,,0.5,0.0,
R0586,Northern Mariana Islands,Croatia,Road,Dubai Port,15570,77,0,,,43,34,0,93,,Unknown,,0.5,0.0,
R0587,Mongolia,Burkina Faso,Road,Los Angeles Port,19628,196,0,,,9,79,0,85,,Unknown,,0.5,0.0,
R0588,Zimbabwe,British Indian Ocean Territory (Chagos Archipelago),Road,Santos Port,8274,51,0,,,84,10,0,98,,Unknown,,0.5,0.0,
R0589,Saint Helena,Afghanistan,Road,Tokyo Port,10669,66,0,,,28,70,0,87,,Unknown,,0.5,0.0,
R0590,Sierra Leone,Netherlands,Road,Frankfurt Airport,9024,56,0,,,30,97,0,85,,Unknown,,0.5,0.0,
R0591,Anguilla,Bahamas,Sea,Rotterdam Port,15039,93,0,,,2,54,0,100,,Unknown,,0.5,0.0,
R0592,Tokelau,Colombia,Rail,Singapore Port,11760,117,0,,,11,18,0,94,,Unknown,,0.5,0.0,
R0593,Niue,Hong Kong,Sea,Tokyo Port,1803,18,0,,,98,93,0,90,,Unknown,,0.5,0.0,
R0594,Kenya,Niue,Road,Sydney Port,9810,98,0,,,99,17,0,100,,Unknown,,0.5,0.0,
R0595,British Indian Ocean Territory (Chagos Archipelago),Macao,Air,Frankfurt Airport,15943,31,0,,,50,67,0,93,,Unknown,,0.5,0.0,
R0596,Mauritania,Moldova,Rail,Heathrow Airport,7166,35,0,,,72,50,0,98,,Unknown,,0.5,0.0,
R0597,Nauru,Vanuatu,Road,Tokyo Port,19540,122,0,,,73,73,0,98,,Unknown,,0.5,0.0,
R0598,Mauritania,Namibia,Air,Dubai Port,13967,13,0,,,69,27,0,97,,Unknown,,0.5,0.0,
R0599,Cote D'Ivoire,Guam,Sea,Shanghai Port,4931,24,0,,,95,5,0,100,,Unknown,,0.5,0.0,
R0600,Colombia,Moldova,Rail,Singapore Port,13702,85,0,,,4,9,0,98,,Unknown,,0.5,0.0,
R0601,Greece,Saint Kitts And Nevis,Sea,Santos Port,1954,19,0,,,15,11,0,96,,Unknown,,0.5,0.0,
R0602,Isle Of Man,American Samoa,Road,Los Angeles Port,6910,43,0,,,31,79,0,92,,Unknown,,0.5,0.0,
R0603,British Indian Ocean Territory (Chagos Archipelago),Morocco,Road,Sydney Port,7159,35,0,,,48,75,0,87,,Unknown,,0.5,0.0,
R0604,South Africa,Svalbard & Jan Mayen Islands,Air,Frankfurt Airport,4935,4,0,,,43,76,0,85,,Unknown,,0.5,0.0,
R0605,Bosnia And Herzegovina,Morocco,Rail,Santos Port,8929,55,0,,,58,80,0,94,,Unknown,,0.5,0.0,
R0606,Liberia,Guatemala,Rail,Los Angeles Port,13955,69,0,,,83,52,0,98,,Unknown,,0.5,0.0,
R0607,Mongolia,Lithuania,Road,Dubai Port,12971,129,0,,,27,97,0,94,,Unknown,,0.5,0.0,
R0608,Estonia,Belize,Sea,Changi Airport,12335,77,0,,,51,83,0,87,,Unknown,,0.5,0.0,
R0609,Sierra Leone,Estonia,Air,Heathrow Airport,13505,27,11,Pandemic,High,65,25,0,92,,Unknown,,0.5,0.0,
R0610,Kyrgyz Republic,Gabon,Rail,Hamburg Port,1565,9,6,Accident,Medium,8,77,0,100,,Unknown,,0.5,0.0,
R0611,Tokelau,Comoros,Road,Dubai Port,7226,72,0,,,43,10,0,90,,Unknown,,0.5,0.0,
R0612,Mauritania,Latvia,Rail,Rotterdam Port,17175,171,0,,,90,57,0,97,,Unknown,,0.5,0.0,
R0613,Nauru,San Marino,Rail,Tokyo Port,6455,64,0,,,11,28,0,98,,Unknown,,0.5,0.0,
R0614,British Indian Ocean Territory (Chagos Archipelago),Grenada,Road,Changi Airport,10225,51,0,,,18,68,0,99,,Unknown,,0.5,0.0,
R0615,Isle Of Man,Christmas Island,Sea,Singapore Port,17453,87,0,,,8,55,0,97,,Unknown,,0.5,0.0,
R0616,Anguilla,Israel,Rail,Rotterdam Port,17569,175,0,,,71,31,0,97,,Unknown,,0.5,0.0,
R0617,Dominica,Cambodia,Rail,Shanghai Port,13843,86,0,,,16,20,0,89,,Unknown,,0.5,0.0,
R0618,Isle Of Man,Singapore,Rail,Changi Airport,11331,113,0,,,35,80,0,86,,Unknown,,0.5,0.0,
R0619,Venezuela,Antarctica (The Territory South Of 60 Deg S),Rail,Dubai Port,4690,23,0,,,97,43,0,99,,Unknown,,0.5,0.0,0.5
R0620,Colombia,Algeria,Air,Frankfurt Airport,10047,10,15,Congestion,Low,92,47,0,100,,Unknown,,0.5,0.0,
R0621,Montserrat,Morocco,Air,Tokyo Port,9322,18,0,,,6,38,0,97,,Unknown,,0.5,0.0,
R0622,Vanuatu,Niue,Sea,Hamburg Port,18410,184,7,Accident,Low,17,65,0,95,,Unknown,,0.5,0.0,
R0623,Greece,Croatia,Sea,Frankfurt Airport,16665,104,9,Congestion,Low,20,60,0,94,,Unknown,,0.5,0.0,
R0624,Guam,Tonga,Rail,Dubai Port,3963,39,1,Congestion,High,18,97,0,89,,Unknown,,0.5,0.0,
R0625,Dominica,Niue,Rail,Dubai Port,4505,28,0,,,15,47,0,90,,Unknown,,0.5,0.0,
R0626,Venezuela,United States Minor Outlying Islands,Rail,Changi Airport,1858,9,0,,,5,60,0,95,,Unknown,,0.5,0.0,0.5
R0627,Isle Of Man,Tokelau,Air,Rotterdam Port,3404,6,0,,,66,16,0,89,,Unknown,,0.5,0.0,
R0628,Isle Of Man,Benin,Sea,Dubai Port,7903,79,0,,,62,3,0,94,,Unknown,,0.5,0.0,
R0629,Colombia,India,Road,Hamburg Port,18688,116,0,,,20,98,0,91,,Unknown,,0.5,0.0,
R0630,Tokelau,Mauritius,Rail,Heathrow Airport,11722,73,0,,,22,55,0,89,,Unknown,,0.5,0.0,
R0631,Seychelles,Kazakhstan,Air,Shanghai Port,10534,10,0,,,77,13,0,93,,Unknown,,0.5,0.0,
R0632,Zambia,Switzerland,Sea,Los Angeles Port,3467,34,0,,,98,81,0,89,,Unknown,,0.5,0.0,
R0633,British Virgin Islands,Costa Rica,Rail,Sydney Port,9333,93,0,,,44,46,0,85,,Unknown,,0.5,0.0,
R0634,Isle Of Man,Brunei Darussalam,Air,Rotterdam Port,13825,13,5,Strike,High,77,85,0,94,,Unknown,,0.5,0.0,
R0635,Colombia,Martinique,Air,Los Angeles Port,16173,20,0,,,66,66,0,86,,Unknown,,0.5,0.0,
R0636,Vanuatu,United States Virgin Islands,Sea,Sydney Port,19272,96,0,,,24,60,0,87,,Unknown,,0.5,0.0,
R0637,Saint Kitts And Nevis,Turkmenistan,Rail,Tokyo Port,18475,184,0,,,53,84,0,86,,Unknown,,0.5,0.0,
R0638,Sierra Leone,Eritrea,Air,Changi Airport,16568,33,7,Accident,High,54,94,0,100,,Unknown,,0.5,0.0,
R0639,Heard Island And Mcdonald Islands,French Southern Territories,Road,Dubai Port,11523,57,0,,,75,6,0,95,,Unknown,,0.5,0.0,
R0640,Rwanda,Georgia,Road,Changi Airport,10403,52,0,,,60,37,0,100,,Unknown,,0.5,0.0,
R0641,Greece,Georgia,Road,Santos Port,1916,9,0,,,36,99,0,90,,Unknown,,0.5,0.0,
R0642,Guam,Kuwait,Sea,Dubai Port,17701,88,11,Weather,High,91,33,0,90,,Unknown,,0.5,0.0,
R0643,Saint Helena,Malta,Rail,Hamburg Port,2328,11,0,,,63,64,0,99,,Unknown,,0.5,0.0,
R0644,Zambia,Taiwan,Sea,Santos Port,18759,117,0,,,35,74,0,99,,Unknown,,0.5,0.0,
R0645,Isle Of Man,Guatemala,Road,Santos Port,1863,11,0,,,93,99,0,98,,Unknown,,0.5,0.0,
R0646,Guam,American Samoa,Air,Shanghai Port,15815,31,0,,,4,66,0,93,,Unknown,,0.5,0.0,
R0647,Saint Lucia,Canada,Sea,Frankfurt Airport,15069,150,0,,,80,81,0,98,,Unknown,,0.5,0.0,
R0648,Mauritania,Kazakhstan,Road,Hamburg Port,19790,98,1,Congestion,Low,58,29,0,91,,Unknown,,0.5,0.0,
R0649,Bosnia And Herzegovina,Madagascar,Sea,Changi Airport,9716,97,0,,,63,80,0,96,,Unknown,,0.5,0.0,
R0650,Azerbaijan,Belgium,Sea,Heathrow Airport,10700,53,13,Congestion,Low,34,0,0,96,,Unknown,,0.5,0.0,
R0651,Colombia,Lebanon,Sea,Los Angeles Port,13927,139,12,Accident,Medium,84,15,0,98,,Unknown,,0.5,0.0,
R0652,Sri Lanka,Guinea,Rail,Sydney Port,11874,74,0,,,16,14,0,100,,Unknown,,0.5,0.0,
R0653,Liberia,Myanmar,Road,Dubai Port,8197,40,0,,,55,63,0,87,,Unknown,,0.5,0.0,
R0654,Anguilla,Finland,Rail,Changi Airport,10903,109,0,,,67,38,0,86,,Unknown,,0.5,0.0,
R0655,Sri Lanka,Nepal,Road,Santos Port,5963,37,0,,,68,86,0,100,,Unknown,,0.5,0.0,
R0656,Northern Mariana Islands,Guam,Air,Shanghai Port,12276,24,3,Weather,Medium,61,77,0,99,,Unknown,,0.5,0.0,
R0657,Albania,Angola,Road,Heathrow Airport,16884,168,3,Political unrest,High,45,87,1,98,,Unknown,,0.5,0.0,
R0658,Albania,El Salvador,Road,Frankfurt Airport,4259,21,0,,,81,32,0,93,,Unknown,,0.5,0.0,
R0659,Liberia,Ecuador,Road,Changi Airport,12375,123,0,,,86,60,0,85,,Unknown,,0.5,0.0,
R0660,Nauru,Armenia,Sea,Hamburg Port,1469,14,0,,,85,77,0,98,,Unknown,,0.5,0.0,
R0661,Zambia,Saint Kitts And Nevis,Road,Changi Airport,13714,137,10,Pandemic,Low,94,47,0,100,,Unknown,,0.5,0.0,
R0662,Azerbaijan,Iran,Rail,Los Angeles Port,645,3,0,,,86,74,0,99,,Unknown,,0.5,0.0,
R0663,Dominica,Liechtenstein,Air,Hamburg Port,12247,15,0,,,98,17,0,97,,Unknown,,0.5,0.0,
R0664,Zimbabwe,Falkland Islands (Malvinas),Air,Rotterdam Port,9597,19,0,,,92,10,0,98,,Unknown,,0.5,0.0,
R0665,Mauritania,United Arab Emirates,Air,Changi Airport,18218,22,0,,,83,24,0,97,,Unknown,,0.5,0.0,
R0666,Saint Lucia,United States Virgin Islands,Air,Hamburg Port,5608,11,0,,,89,80,0,99,,Unknown,,0.5,0.0,
R0667,Nauru,Philippines,Rail,Los Angeles Port,3729,37,0,,,55,62,0,95,,Unknown,,0.5,0.0,
R0668,Colombia,Pitcairn Islands,Sea,Los Angeles Port,15353,95,0,,,99,81,0,92,,Unknown,,0.5,0.0,
R0669,British Virgin Islands,Albania,Air,Frankfurt Airport,7168,14,0,,,87,98,0,99,,Unknown,,0.5,0.0,
R0670,Azerbaijan,Holy See (Vatican City State),Sea,Dubai Port,15099,94,0,,,47,36,0,98,,Unknown,,0.5,0.0,
R0671,Colombia,Belize,Rail,Dubai Port,5659,35,10,Accident,High,45,30,0,92,,Unknown,,0.5,0.0,
R0672,Albania,Western Sahara,Rail,Dubai Port,19116,119,0,,,10,81,0,90,,Unknown,,0.5,0.0,
R0673,Isle Of Man,Christmas Island,Sea,Singapore Port,17685,110,0,,,46,55,0,88,,Unknown,,0.5,0.0,
R0674,Estonia,Suriname,Air,Tokyo Port,10974,10,10,Strike,High,2,85,0,85,,Unknown,,0.5,0.0,
R0675,Nauru,Faroe Islands,Air,Rotterdam Port,2938,3,0,,,30,27,0,98,,Unknown,,0.5,0.0,
R0676,Jamaica,Kazakhstan,Rail,Tokyo Port,12956,80,0,,,3,89,0,89,,Unknown,,0.5,0.0,
R0677,Mauritania,Mali,Road,Santos Port,1877,11,0,,,63,13,0,95,,Unknown,,0.5,0.0,
R0678,Greece,Slovenia,Road,Changi Airport,13880,138,0,,,90,36,0,88,,Unknown,,0.5,0.0,
R0679,Saint Lucia,Jamaica,Road,Shanghai Port,1929,9,0,,,23,7,0,85,,Unknown,,0.5,0.0,
R0680,Niue,Faroe Islands,Rail,Singapore Port,17814,111,0,,,72,90,0,86,,Unknown,,0.5,0.0,
R0681,British Indian Ocean Territory (Chagos Archipelago),Korea,Road,Heathrow Airport,6763,42,11,Strike,Medium,40,69,0,85,,Unknown,,0.5,0.0,
R0682,Tokelau,Israel,Rail,Heathrow Airport,11683,58,0,,,49,98,0,97,,Unknown,,0.5,0.0,
R0683,Greece,Somalia,Rail,Heathrow Airport,3076,19,0,,,61,54,0,99,,Unknown,,0.5,0.0,
R0684,Heard Island And Mcdonald Islands,Svalbard & Jan Mayen Islands,Sea,Changi Airport,15383,76,0,,,99,85,0,96,,Unknown,,0.5,0.0,
R0685,Azerbaijan,Northern Mariana Islands,Road,Heathrow Airport,1274,6,0,,,49,71,0,93,,Unknown,,0.5,0.0,
R0686,Montserrat,Czech Republic,Rail,Tokyo Port,17788,177,0,,,59,71,0,92,,Unknown,,0.5,0.0,
R0687,Saint Helena,Zambia,Road,Rotterdam Port,12044,75,0,,,61,34,0,93,,Unknown,,0.5,0.0,
R0688,Bosnia And Herzegovina,Zimbabwe,Rail,Sydney Port,14585,72,8,Political unrest,High,20,92,1,93,,Unknown,,0.5,0.0,
R0689,British Virgin Islands,Iraq,Air,Los Angeles Port,10650,10,0,,,91,16,0,99,,Unknown,,0.5,0.0,
R0690,Guam,Samoa,Rail,Frankfurt Airport,7507,46,0,,,44,61,0,94,,Unknown,,0.5,0.0,
R0691,Heard Island And Mcdonald Islands,India,Rail,Hamburg Port,15324,76,3,Strike,Medium,89,100,0,89,,Unknown,,0.5,0.0,
R0692,Cote D'Ivoire,Belgium,Air,Changi Airport,12909,12,0,,,71,67,0,97,,Unknown,,0.5,0.0,
R0693,Brunei Darussalam,Czech Republic,Rail,Santos Port,4046,20,0,,,15,10,0,92,,Unknown,,0.5,0.0,
R0694,Vanuatu,Western Sahara,Rail,Frankfurt Airport,11580,57,8,Weather,Low,60,26,0,91,,Unknown,,0.5,0.0,
R0695,British Virgin Islands,Chile,Rail,Frankfurt Airport,850,5,0,,,34,96,0,99,,Unknown,,0.5,0.0,
R0696,Sri Lanka,Guinea,Air,Shanghai Port,3005,3,0,,,12,2,0,99,,Unknown,,0.5,0.0,
R0697,Nauru,Namibia,Sea,Tokyo Port,5848,29,0,,,40,52,0,93,,Unknown,,0.5,0.0,
R0698,Estonia,Uzbekistan,Air,Sydney Port,3508,7,0,,,38,89,0,90,,Unknown,,0.5,0.0,
R0699,Seychelles,Cote D'Ivoire,Road,Dubai Port,10489,65,0,,,25,52,0,90,,Unknown,,0.5,0.0,
R0700,Mongolia,Bouvet Island (Bouvetoya),Road,Dubai Port,1494,9,14,Congestion,High,99,18,0,89,,Unknown,,0.5,0.0,
R0701,Northern Mariana Islands,Tokelau,Air,Rotterdam Port,12827,16,0,,,15,71,0,86,,Unknown,,0.5,0.0,
R0702,Azerbaijan,Nicaragua,Sea,Hamburg Port,878,4,0,,,61,8,0,92,,Unknown,,0.5,0.0,
R0703,Montserrat,Spain,Air,Singapore Port,2107,4,0,,,4,51,0,93,,Unknown,,0.5,0.0,
R0704,Zambia,Afghanistan,Rail,Shanghai Port,5175,51,6,Accident,Low,77,84,0,88,,Unknown,,0.5,0.0,
R0705,Zambia,Pitcairn Islands,Sea,Tokyo Port,11571,72,0,,,75,94,0,93,,Unknown,,0.5,0.0,
R0706,Vanuatu,Costa Rica,Road,Tokyo Port,16083,160,0,,,98,26,0,97,,Unknown,,0.5,0.0,
R0707,Bosnia And Herzegovina,India,Air,Changi Airport,7436,9,0,,,40,54,0,95,,Unknown,,0.5,0.0,
R0708,Albania,French Guiana,Road,Tokyo Port,17173,107,0,,,2,84,0,91,,Unknown,,0.5,0.0,
R0709,Seychelles,British Indian Ocean Territory (Chagos Archipelago),Air,Changi Airport,2241,2,0,,,9,73,0,94,,Unknown,,0.5,0.0,
R0710,Brunei Darussalam,Andorra,Rail,Heathrow Airport,12876,80,0,,,53,64,0,88,,Unknown,,0.5,0.0,
R0711,Cote D'Ivoire,Philippines,Air,Frankfurt Airport,10004,20,0,,,43,59,0,93,,Unknown,,0.5,0.0,
R0712,Bosnia And Herzegovina,Congo,Air,Dubai Port,11549,11,0,,,70,20,0,98,,Unknown,,0.5,0.0,
R0713,Saint Helena,Palestinian Territory,Sea,Dubai Port,2660,13,0,,,17,37,0,100,,Unknown,,0.5,0.0,
R0714,Colombia,Saint Vincent And The Grenadines,Air,Sydney Port,14014,17,0,,,96,56,0,88,,Unknown,,0.5,0.0,
R0715,Heard Island And Mcdonald Islands,Honduras,Road,Dubai Port,7349,45,5,Accident,Medium,24,86,0,85,,Unknown,,0.5,0.0,
R0716,British Virgin Islands,Comoros,Sea,Sydney Port,1162,7,4,Accident,Medium,47,40,0,96,,Unknown,,0.5,0.0,
R0717,Seychelles,Bhutan,Sea,Tokyo Port,18142,90,0,,,5,28,0,89,,Unknown,,0.5,0.0,
R0718,Sri Lanka,Tokelau,Rail,Los Angeles Port,4922,24,0,,,45,88,0,93,,Unknown,,0.5,0.0,
R0719,Montenegro,Norfolk Island,Road,Changi Airport,17039,106,0,,,85,99,0,87,,Unknown,,0.5,0.0,
R0720,Estonia,Norfolk Island,Sea,Singapore Port,18246,114,0,,,99,84,0,99,,Unknown,,0.5,0.0,
R0721,Mongolia,New Caledonia,Rail,Los Angeles Port,7673,47,0,,,15,30,0,96,,Unknown,,0.5,0.0,
R0722,Estonia,Cayman Islands,Road,Singapore Port,11978,74,0,,,93,14,0,95,,Unknown,,0.5,0.0,
R0723,Greece,Macedonia,Rail,Shanghai Port,2200,13,0,,,62,41,0,100,,Unknown,,0.5,0.0,
R0724,Mauritania,Micronesia,Air,Rotterdam Port,11101,11,0,,,94,50,0,98,,Unknown,,0.5,0.0,
R0725,Venezuela,Netherlands,Rail,Singapore Port,6059,30,0,,,88,27,0,85,,Unknown,,0.5,0.0,0.5
R0726,Guam,Ireland,Road,Shanghai Port,8186,40,0,,,39,98,0,94,,Unknown,,0.5,0.0,
R0727,South Africa,Belarus,Sea,Heathrow Airport,1624,8,0,,,31,11,0,85,,Unknown,,0.5,0.0,
R0728,Portugal,Belarus,Road,Tokyo Port,7843,39,6,Pandemic,Medium,69,17,0,99,,Unknown,,0.5,0.0,
R0729,Vanuatu,Grenada,Air,Tokyo Port,5737,11,0,,,0,71,0,91,,Unknown,,0.5,0.0,
R0730,Montenegro,Morocco,Road,Tokyo Port,3391,16,0,,,62,46,0,97,,Unknown,,0.5,0.0,
R0731,Colombia,Heard Island And Mcdonald Islands,Road,Tokyo Port,7673,47,2,Strike,Medium,81,41,0,96,,Unknown,,0.5,0.0,
R0732,British Indian Ocean Territory (Chagos Archipelago),Kenya,Sea,Hamburg Port,19378,121,0,,,13,46,0,99,,Unknown,,0.5,0.0,
R0733,Montserrat,Rwanda,Sea,Shanghai Port,9427,47,0,,,51,65,0,88,,Unknown,,0.5,0.0,
R0734,Venezuela,Gambia,Sea,Tokyo Port,17490,174,0,,,54,82,0,94,,Unknown,,0.5,0.0,0.5
R0735,Tokelau,Mauritius,Road,Santos Port,16109,80,0,,,56,14,0,93,,Unknown,,0.5,0.0,
R0736,Albania,Poland,Road,Singapore Port,7727,38,2,Accident,High,50,34,0,93,,Unknown,,0.5,0.0,
R0737,Brunei Darussalam,Botswana,Rail,Changi Airport,8451,42,0,,,57,92,0,86,,Unknown,,0.5,0.0,
R0738,Montenegro,Jersey,Air,Hamburg Port,6178,7,0,,,51,0,0,96,,Unknown,,0.5,0.0,
R0739,Kenya,Saint Pierre And Miquelon,Road,Hamburg Port,12633,78,0,,,100,39,0,91,,Unknown,,0.5,0.0,
R0740,Nauru,Bosnia And Herzegovina,Rail,Santos Port,9237,57,0,,,67,66,0,100,,Unknown,,0.5,0.0,
R0741,Liberia,Palestinian Territory,Road,Santos Port,8630,86,0,,,37,5,0,87,,Unknown,,0.5,0.0,
R0742,Brunei Darussalam,Kuwait,Rail,Shanghai Port,5316,33,2,Congestion,High,92,72,0,88,,Unknown,,0.5,0.0,
R0743,Rwanda,Micronesia,Sea,Santos Port,17305,108,6,Weather,High,20,93,0,89,,Unknown,,0.5,0.0,
R0744,Albania,Madagascar,Road,Frankfurt Airport,18050,90,0,,,74,48,0,97,,Unknown,,0.5,0.0,
R0745,Sierra Leone,Denmark,Sea,Tokyo Port,16071,160,0,,,97,83,0,90,,Unknown,,0.5,0.0,
R0746,Isle Of Man,South Georgia And The South Sandwich Islands,Air,Santos Port,7434,14,0,,,18,66,0,90,,Unknown,,0.5,0.0,
R0747,Saint Helena,Latvia,Sea,Frankfurt Airport,7238,72,0,,,54,77,0,100,,Unknown,,0.5,0.0,
R0748,Montserrat,Luxembourg,Sea,Heathrow Airport,6758,42,0,,,26,48,0,91,,Unknown,,0.5,0.0,
R0749,Jamaica,Malta,Road,Heathrow Airport,16983,169,0,,,27,42,0,95,,Unknown,,0.5,0.0,
R0750,Mongolia,Montserrat,Air,Los Angeles Port,18216,36,0,,,24,7,0,90,,Unknown,,0.5,0.0,
R0751,Sierra Leone,Bahamas,Sea,Heathrow Airport,9758,97,0,,,72,25,0,94,,Unknown,,0.5,0.0,
R0752,Liberia,Grenada,Road,Heathrow Airport,16059,160,0,,,49,35,0,94,,Unknown,,0.5,0.0,
R0753,Vanuatu,South Africa,Air,Santos Port,11658,14,0,,,76,51,0,99,,Unknown,,0.5,0.0,
R0754,Isle Of Man,Guinea-Bissau,Sea,Changi Airport,3725,18,0,,,76,13,0,96,,Unknown,,0.5,0.0,
R0755,Guam,Guadeloupe,Rail,Singapore Port,19633,196,13,Congestion,Medium,67,97,0,87,,Unknown,,0.5,0.0,
R0756,United States Virgin Islands,Marshall Islands,Rail,Hamburg Port,13396,83,0,,,45,47,0,91,,Unknown,,0.5,0.0,
R0757,Sierra Leone,Estonia,Rail,Dubai Port,19610,122,0,,,0,41,0,97,,Unknown,,0.5,0.0,
R0758,Greece,Togo,Air,Santos Port,11966,14,0,,,74,70,0,97,,Unknown,,0.5,0.0,
R0759,Mauritania,Armenia,Road,Hamburg Port,5467,54,0,,,7,100,0,94,,Unknown,,0.5,0.0,
R0760,Angola,Lebanon,Sea,Changi Airport,7805,48,1,Accident,Medium,52,9,0,91,,Unknown,,0.5,0.0,
R0761,Heard Island And Mcdonald Islands,Algeria,Road,Sydney Port,4486,22,0,,,15,10,0,96,,Unknown,,0.5,0.0,
R0762,Saint Helena,Maldives,Sea,Sydney Port,2506,25,0,,,30,17,0,92,,Unknown,,0.5,0.0,
R0763,Isle Of Man,Bermuda,Air,Tokyo Port,17574,21,0,,,100,37,0,89,,Unknown,,0.5,0.0,
R0764,Angola,Zimbabwe,Sea,Rotterdam Port,13502,135,0,,,45,22,0,98,,Unknown,,0.5,0.0,
R0765,British Indian Ocean Territory (Chagos Archipelago),Tajikistan,Sea,Sydney Port,18771,93,0,,,71,8,0,88,,Unknown,,0.5,0.0,
R0766,Norfolk Island,Malawi,Road,Heathrow Airport,18818,117,1,Congestion,High,36,63,0,86,,Unknown,,0.5,0.0,
R0767,Colombia,Tunisia,Sea,Singapore Port,2251,22,0,,,81,51,0,95,,Unknown,,0.5,0.0,
R0768,Kyrgyz Republic,Jamaica,Air,Shanghai Port,15288,15,8,Pandemic,High,93,32,0,90,,Unknown,,0.5,0.0,
R0769,Bosnia And Herzegovina,Equatorial Guinea,Air,Rotterdam Port,11809,23,0,,,32,86,0,87,,Unknown,,0.5,0.0,
R0770,Sri Lanka,Lithuania,Air,Tokyo Port,13890,27,0,,,38,0,0,96,,Unknown,,0.5,0.0,
R0771,Angola,Gibraltar,Road,Santos Port,13011,130,0,,,81,83,0,88,,Unknown,,0.5,0.0,
R0772,Estonia,Sweden,Sea,Dubai Port,13341,133,0,,,64,72,0,99,,Unknown,,0.5,0.0,
R0773,Mauritania,Vanuatu,Sea,Frankfurt Airport,1183,7,0,,,14,94,0,87,,Unknown,,0.5,0.0,
R0774,Bosnia And Herzegovina,Costa Rica,Air,Frankfurt Airport,7752,9,0,,,60,13,0,88,,Unknown,,0.5,0.0,
R0775,South Africa,Tunisia,Air,Hamburg Port,2273,4,0,,,64,33,0,93,,Unknown,,0.5,0.0,
R0776,Brunei Darussalam,Costa Rica,Air,Hamburg Port,14169,28,0,,,51,3,0,92,,Unknown,,0.5,0.0,
R0777,Albania,Australia,Rail,Shanghai Port,19871,124,0,,,32,44,0,93,,Unknown,,0.5,0.0,
R0778,Isle Of Man,Philippines,Air,Singapore Port,7155,7,0,,,49,4,0,93,,Unknown,,0.5,0.0,
R0779,Sierra Leone,Senegal,Sea,Heathrow Airport,11547,115,0,,,99,38,0,85,,Unknown,,0.5,0.0,
R0780,Jamaica,Svalbard & Jan Mayen Islands,Sea,Tokyo Port,8405,42,0,,,56,14,0,99,,Unknown,,0.5,0.0,
R0781,Vanuatu,Western Sahara,Air,Hamburg Port,12789,25,0,,,95,15,0,97,,Unknown,,0.5,0.0,
R0782,Nauru,Maldives,Rail,Shanghai Port,13055,130,0,,,40,46,0,96,,Unknown,,0.5,0.0,
R0783,Nauru,Suriname,Sea,Tokyo Port,14524,72,0,,,62,11,0,93,,Unknown,,0.5,0.0,
R0784,Montserrat,Saint Lucia,Air,Santos Port,13181,13,0,,,64,21,0,88,,Unknown,,0.5,0.0,
R0785,Saint Kitts And Nevis,Spain,Rail,Sydney Port,9590,95,0,,,8,12,0,98,,Unknown,,0.5,0.0,
R0786,Sierra Leone,Marshall Islands,Rail,Santos Port,15525,155,0,,,77,84,0,98,,Unknown,,0.5,0.0,
R0787,British Indian Ocean Territory (Chagos Archipelago),Somalia,Rail,Changi Airport,16012,80,0,,,23,4,0,91,,Unknown,,0.5,0.0,
R0788,Greece,Bangladesh,Road,Sydney Port,10237,51,0,,,31,30,0,92,,Unknown,,0.5,0.0,
R0789,Northern Mariana Islands,Bhutan,Road,Hamburg Port,17107,106,15,Strike,Medium,94,33,0,87,,Unknown,,0.5,0.0,
R0790,Estonia,Djibouti,Air,Hamburg Port,19484,38,0,,,23,77,0,91,,Unknown,,0.5,0.0,
R0791,Bosnia And Herzegovina,Cocos (Keeling) Islands,Sea,Santos Port,9060,56,0,,,4,76,0,96,,Unknown,,0.5,0.0,
R0792,Tokelau,Equatorial Guinea,Road,Frankfurt Airport,17220,172,0,,,45,16,0,96,,Unknown,,0.5,0.0,
R0793,Estonia,Georgia,Air,Rotterdam Port,3410,3,0,,,58,37,0,88,,Unknown,,0.5,0.0,
R0794,Guam,Bolivia,Rail,Rotterdam Port,4582,22,0,,,28,58,0,98,,Unknown,,0.5,0.0,
R0795,Liberia,Nigeria,Rail,Los Angeles Port,11722,58,0,,,34,97,0,94,,Unknown,,0.5,0.0,
R0796,British Virgin Islands,Iran,Rail,Rotterdam Port,4618,28,2,Strike,High,80,38,0,97,,Unknown,,0.5,0.0,
R0797,Colombia,Dominica,Air,Singapore Port,12576,15,0,,,65,29,0,95,,Unknown,,0.5,0.0,
R0798,Albania,Syrian Arab Republic,Rail,Los Angeles Port,13649,68,0,,,75,36,0,100,,Unknown,,0.5,0.0,
R0799,Vanuatu,Peru,Sea,Frankfurt Airport,8593,85,0,,,91,58,0,92,,Unknown,,0.5,0.0,
R0800,British Indian Ocean Territory (Chagos Archipelago),Colombia,Air,Hamburg Port,19717,24,0,,,62,83,0,91,,Unknown,,0.5,0.0,
R0801,Mauritania,Nauru,Rail,Heathrow Airport,5236,32,0,,,33,32,0,88,,Unknown,,0.5,0.0,
R0802,Greece,Albania,Road,Changi Airport,8779,87,1,Weather,Low,46,26,0,96,,Unknown,,0.5,0.0,
R0803,Colombia,Norway,Air,Tokyo Port,6422,6,0,,,68,34,0,96,,Unknown,,0.5,0.0,
R0804,Vanuatu,Portugal,Rail,Santos Port,8480,53,0,,,69,74,0,94,,Unknown,,0.5,0.0,
R0805,Colombia,Senegal,Rail,Dubai Port,1919,19,0,,,60,25,0,85,,Unknown,,0.5,0.0,
R0806,Tokelau,Andorra,Rail,Rotterdam Port,14354,143,14,Pandemic,Medium,17,83,0,100,,Unknown,,0.5,0.0,
R0807,Greece,Finland,Air,Santos Port,6780,8,0,,,11,88,0,96,,Unknown,,0.5,0.0,
R0808,United States Virgin Islands,Bermuda,Sea,Los Angeles Port,12699,63,0,,,41,78,0,87,,Unknown,,0.5,0.0,
R0809,Colombia,Turkmenistan,Road,Dubai Port,1874,18,0,,,47,4,0,85,,Unknown,,0.5,0.0,
R0810,Portugal,Cyprus,Sea,Singapore Port,17113,171,0,,,12,48,0,87,,Unknown,,0.5,0.0,
R0811,Venezuela,Finland,Road,Shanghai Port,8827,44,0,,,99,23,0,93,,Unknown,,0.5,0.0,0.5
R0812,Zambia,Bulgaria,Rail,Heathrow Airport,9765,61,12,Congestion,Medium,62,72,0,93,,Unknown,,0.5,0.0,
R0813,Sri Lanka,Paraguay,Air,Santos Port,12488,15,0,,,18,38,0,99,,Unknown,,0.5,0.0,
R0814,Nauru,Falkland Islands (Malvinas),Sea,Shanghai Port,2675,13,0,,,16,10,0,95,,Unknown,,0.5,0.0,
R0815,Anguilla,Guernsey,Air,Shanghai Port,14463,14,9,Congestion,Low,39,81,0,90,,Unknown,,0.5,0.0,
R0816,Angola,Portugal,Air,Rotterdam Port,18714,37,7,Weather,Low,5,97,0,87,,Unknown,,0.5,0.0,
R0817,Heard Island And Mcdonald Islands,Luxembourg,Rail,Dubai Port,16089,80,0,,,79,34,0,86,,Unknown,,0.5,0.0,
R0818,Isle Of Man,Palau,Air,Tokyo Port,5904,11,0,,,79,37,0,90,,Unknown,,0.5,0.0,
R0819,Montenegro,Greece,Rail,Changi Airport,3666,36,0,,,89,0,0,86,,Unknown,,0.5,0.0,
R0820,Guam,Mexico,Sea,Changi Airport,5019,25,0,,,46,85,0,94,,Unknown,,0.5,0.0,
R0821,Northern Mariana Islands,South Africa,Sea,Rotterdam Port,8734,54,0,,,84,100,0,99,,Unknown,,0.5,0.0,
R0822,Rwanda,Madagascar,Sea,Changi Airport,1991,19,0,,,13,48,0,88,,Unknown,,0.5,0.0,
R0823,Greece,Comoros,Air,Tokyo Port,5420,6,0,,,56,88,0,100,,Unknown,,0.5,0.0,
R0824,Kyrgyz Republic,Sri Lanka,Air,Shanghai Port,3873,4,0,,,81,36,0,86,,Unknown,,0.5,0.0,
R0825,Sierra Leone,Italy,Rail,Rotterdam Port,14055,70,2,Political unrest,High,61,99,1,90,,Unknown,,0.5,0.0,
R0826,Tokelau,Israel,Air,Los Angeles Port,8161,10,13,Accident,High,20,65,0,98,,Unknown,,0.5,0.0,
R0827,Mongolia,Cote D'Ivoire,Air,Frankfurt Airport,12793,15,0,,,92,11,0,92,,Unknown,,0.5,0.0,
R0828,Niue,Papua New Guinea,Sea,Rotterdam Port,3896,19,0,,,56,70,0,85,,Unknown,,0.5,0.0,
R0829,Kyrgyz Republic,Guernsey,Sea,Singapore Port,17635,88,0,,,39,29,0,97,,Unknown,,0.5,0.0,
R0830,Rwanda,Afghanistan,Air,Los Angeles Port,9326,11,4,Accident,Low,31,59,0,100,,Unknown,,0.5,0.0,
R0831,Saint Kitts And Nevis,Micronesia,Air,Singapore Port,6748,8,15,Weather,Medium,48,4,0,99,,Unknown,,0.5,0.0,
R0832,Vanuatu,Marshall Islands,Rail,Changi Airport,19119,119,0,,,13,83,0,85,,Unknown,,0.5,0.0,
R0833,Mauritania,Sao Tome And Principe,Road,Hamburg Port,3363,33,0,,,53,23,0,89,,Unknown,,0.5,0.0,
R0834,Northern Mariana Islands,Brunei Darussalam,Rail,Frankfurt Airport,6759,67,0,,,100,70,0,94,,Unknown,,0.5,0.0,
R0835,Montenegro,Croatia,Road,Changi Airport,6627,66,0,,,62,5,0,90,,Unknown,,0.5,0.0,
R0836,Rwanda,Dominica,Air,Shanghai Port,6225,7,0,,,78,29,0,96,,Unknown,,0.5,0.0,
R0837,Heard Island And Mcdonald Islands,New Caledonia,Air,Shanghai Port,8772,17,9,Political unrest,Low,36,100,1,89,,Unknown,,0.5,0.0,
R0838,Nauru,Azerbaijan,Air,Frankfurt Airport,19687,39,0,,,9,43,0,89,,Unknown,,0.5,0.0,
R0839,Mauritania,Niger,Air,Hamburg Port,15031,15,0,,,60,83,0,96,,Unknown,,0.5,0.0,
R0840,Estonia,Belgium,Air,Changi Airport,1146,2,0,,,65,65,0,96,,Unknown,,0.5,0.0,
R0841,Kyrgyz Republic,Venezuela,Road,Sydney Port,7857,49,0,,,4,50,0,99,,Unknown,,0.5,0.0,
R0842,British Indian Ocean Territory (Chagos Archipelago),Tanzania,Road,Hamburg Port,8821,88,0,,,16,25,0,87,,Unknown,,0.5,0.0,
R0843,Rwanda,Madagascar,Road,Singapore Port,15080,75,0,,,12,39,0,88,,Unknown,,0.5,0.0,
R0844,Montserrat,Kiribati,Road,Hamburg Port,17384,173,15,Weather,Medium,61,96,0,86,,Unknown,,0.5,0.0,
R0845,Bosnia And Herzegovina,Saudi Arabia,Road,Dubai Port,19581,97,0,,,72,62,0,92,,Unknown,,0.5,0.0,
R0846,Kyrgyz Republic,Finland,Sea,Tokyo Port,2960,18,0,,,46,52,0,96,,Unknown,,0.5,0.0,
R0847,Vanuatu,Cape Verde,Road,Hamburg Port,4505,45,0,,,2,85,0,94,,Unknown,,0.5,0.0,
R0848,Saint Lucia,Taiwan,Sea,Los Angeles Port,11493,57,0,,,38,22,0,86,,Unknown,,0.5,0.0,
R0849,Bosnia And Herzegovina,Marshall Islands,Road,Changi Airport,14088,70,5,Political unrest,Low,86,1,1,89,,Unknown,,0.5,0.0,
R0850,Cote D'Ivoire,Costa Rica,Sea,Sydney Port,13941,69,0,,,79,20,0,90,,Unknown,,0.5,0.0,
R0851,Sierra Leone,Guernsey,Air,Rotterdam Port,18596,37,0,,,89,52,0,93,,Unknown,,0.5,0.0,
R0852,Albania,Holy See (Vatican City State),Sea,Heathrow Airport,1618,16,0,,,63,0,0,98,,Unknown,,0.5,0.0,
R0853,Saint Kitts And Nevis,Bahamas,Sea,Shanghai Port,7867,78,0,,,99,65,0,88,,Unknown,,0.5,0.0,
R0854,Kyrgyz Republic,Jamaica,Sea,Santos Port,11205,70,0,,,18,10,0,97,,Unknown,,0.5,0.0,
R0855,Seychelles,Iraq,Road,Changi Airport,18452,184,0,,,81,8,0,88,,Unknown,,0.5,0.0,
R0856,Venezuela,Sudan,Sea,Sydney Port,9349,46,0,,,38,23,0,89,,Unknown,,0.5,0.0,0.5
R0857,Portugal,Antigua And Barbuda,Sea,Tokyo Port,19369,121,0,,,97,76,0,89,,Unknown,,0.5,0.0,
R0858,Greece,Pakistan,Road,Sydney Port,17287,172,0,,,11,64,0,88,,Unknown,,0.5,0.0,
R0859,Saint Helena,Malawi,Rail,Los Angeles Port,9225,92,0,,,2,23,0,91,,Unknown,,0.5,0.0,
R0860,Seychelles,Tunisia,Rail,Frankfurt Airport,14719,73,0,,,13,21,0,88,,Unknown,,0.5,0.0,
R0861,Northern Mariana Islands,Tuvalu,Air,Rotterdam Port,10393,12,0,,,78,31,0,90,,Unknown,,0.5,0.0,
R0862,Sri Lanka,Moldova,Air,Shanghai Port,18076,36,0,,,14,67,0,87,,Unknown,,0.5,0.0,
R0863,Guam,Haiti,Road,Hamburg Port,2928,29,0,,,76,5,0,85,,Unknown,,0.5,0.0,
R0864,Colombia,Uganda,Road,Heathrow Airport,19570,97,0,,,12,40,0,97,,Unknown,,0.5,0.0,
R0865,British Indian Ocean Territory (Chagos Archipelago),India,Rail,Singapore Port,6316,63,0,,,25,66,0,93,,Unknown,,0.5,0.0,
R0866,Greece,Costa Rica,Rail,Changi Airport,19208,192,0,,,6,84,0,93,,Unknown,,0.5,0.0,
R0867,Kyrgyz Republic,Turks And Caicos Islands,Air,Shanghai Port,3953,7,0,,,5,96,0,96,,Unknown,,0.5,0.0,
R0868,Greece,Zambia,Sea,Heathrow Airport,8814,88,0,,,42,96,0,91,,Unknown,,0.5,0.0,
R0869,Montenegro,Poland,Air,Santos Port,19722,24,0,,,97,45,0,91,,Unknown,,0.5,0.0,
R0870,Estonia,Cape Verde,Rail,Hamburg Port,10849,54,0,,,34,6,0,86,,Unknown,,0.5,0.0,
R0871,Jamaica,Vietnam,Air,Rotterdam Port,14546,29,0,,,14,64,0,92,,Unknown,,0.5,0.0,
R0872,South Africa,Holy See (Vatican City State),Rail,Sydney Port,17024,85,4,Strike,High,64,51,0,99,,Unknown,,0.5,0.0,
R0873,Niue,Argentina,Air,Changi Airport,7349,9,0,,,41,6,0,89,,Unknown,,0.5,0.0,
R0874,Jamaica,Zimbabwe,Rail,Changi Airport,7051,70,0,,,31,23,0,87,,Unknown,,0.5,0.0,
R0875,Brunei Darussalam,Argentina,Road,Sydney Port,12506,125,7,Strike,Low,27,46,0,89,,Unknown,,0.5,0.0,
R0876,United States Virgin Islands,Bahamas,Sea,Tokyo Port,8470,42,0,,,32,53,0,86,,Unknown,,0.5,0.0,
R0877,British Indian Ocean Territory (Chagos Archipelago),Trinidad And Tobago,Rail,Hamburg Port,1170,11,0,,,99,93,0,86,,Unknown,,0.5,0.0,
R0878,Mauritania,Mayotte,Air,Heathrow Airport,4526,4,0,,,57,78,0,86,,Unknown,,0.5,0.0,
R0879,Estonia,Bahrain,Air,Rotterdam Port,811,1,0,,,27,51,0,86,,Unknown,,0.5,0.0,
R0880,Northern Mariana Islands,Montenegro,Road,Shanghai Port,2868,14,0,,,85,34,0,90,,Unknown,,0.5,0.0,
R0881,Tokelau,Jordan,Road,Santos Port,6405,40,0,,,2,55,0,92,,Unknown,,0.5,0.0,
R0882,Niue,Namibia,Road,Hamburg Port,752,3,0,,,41,18,0,92,,Unknown,,0.5,0.0,
R0883,Guam,Trinidad And Tobago,Road,Sydney Port,15424,96,0,,,54,90,0,93,,Unknown,,0.5,0.0,
R0884,Saint Helena,Chad,Rail,Los Angeles Port,14048,87,7,Strike,Low,87,65,0,99,,Unknown,,0.5,0.0,
R0885,Dominica,Bouvet Island (Bouvetoya),Rail,Rotterdam Port,10940,68,0,,,74,21,0,97,,Unknown,,0.5,0.0,
R0886,Zambia,Slovakia (Slovak Republic),Road,Singapore Port,10097,50,0,,,6,28,0,95,,Unknown,,0.5,0.0,
R0887,Mongolia,Papua New Guinea,Rail,Tokyo Port,8868,44,0,,,10,87,0,85,,Unknown,,0.5,0.0,
R0888,Norfolk Island,Sao Tome And Principe,Road,Heathrow Airport,9061,45,0,,,75,45,0,87,,Unknown,,0.5,0.0,
R0889,Azerbaijan,Bulgaria,Air,Sydney Port,5506,11,0,,,55,81,0,85,,Unknown,,0.5,0.0,
R0890,Bosnia And Herzegovina,Qatar,Road,Tokyo Port,13666,85,0,,,64,16,0,96,,Unknown,,0.5,0.0,
R0891,Sri Lanka,Senegal,Air,Changi Airport,17353,21,14,Weather,Medium,19,66,0,88,,Unknown,,0.5,0.0,
R0892,British Virgin Islands,Bahamas,Sea,Shanghai Port,17478,109,0,,,39,45,0,93,,Unknown,,0.5,0.0,
R0893,Tokelau,Bosnia And Herzegovina,Road,Singapore Port,14355,71,0,,,82,37,0,92,,Unknown,,0.5,0.0,
R0894,Azerbaijan,Japan,Rail,Sydney Port,9366,46,0,,,61,23,0,89,,Unknown,,0.5,0.0,
R0895,Estonia,Maldives,Rail,Hamburg Port,3287,32,0,,,67,12,0,97,,Unknown,,0.5,0.0,
R0896,Sierra Leone,Colombia,Road,Shanghai Port,16350,102,0,,,26,94,0,94,,Unknown,,0.5,0.0,
R0897,Liberia,Liberia,Air,Tokyo Port,6507,8,0,,,51,52,0,86,,Unknown,,0.5,0.0,
R0898,South Africa,Lao People'S Democratic Republic,Road,Frankfurt Airport,12025,120,0,,,99,56,0,96,,Unknown,,0.5,0.0,
R0899,Zambia,Papua New Guinea,Rail,Tokyo Port,9494,94,0,,,90,18,0,92,,Unknown,,0.5,0.0,
R0900,Tokelau,Guam,Road,Santos Port,4186,26,9,Congestion,Low,50,64,0,90,,Unknown,,0.5,0.0,
R0901,Venezuela,Central African Republic,Sea,Shanghai Port,2044,12,15,Political unrest,High,35,71,1,92,,Unknown,,0.5,0.0,0.5
R0902,Anguilla,Gabon,Rail,Los Angeles Port,18899,188,0,,,93,64,0,97,,Unknown,,0.5,0.0,
R0903,Estonia,Iran,Rail,Hamburg Port,18946,94,0,,,73,91,0,99,,Unknown,,0.5,0.0,
R0904,Tokelau,Congo,Rail,Hamburg Port,12265,122,0,,,15,95,0,88,,Unknown,,0.5,0.0,
R0905,Sri Lanka,Guinea-Bissau,Rail,Rotterdam Port,6041,37,0,,,100,78,0,89,,Unknown,,0.5,0.0,
R0906,Saint Lucia,Philippines,Rail,Shanghai Port,16126,100,0,,,62,41,0,99,,Unknown,,0.5,0.0,
R0907,Northern Mariana Islands,Djibouti,Road,Frankfurt Airport,5253,52,0,,,77,97,0,93,,Unknown,,0.5,0.0,
R0908,United States Virgin Islands,Kiribati,Air,Shanghai Port,7660,9,6,Strike,High,86,79,0,93,,Unknown,,0.5,0.0,
R0909,British Indian Ocean Territory (Chagos Archipelago),Lesotho,Rail,Frankfurt Airport,13756,68,5,Weather,High,16,5,0,99,,Unknown,,0.5,0.0,
R0910,Zimbabwe,Qatar,Sea,Dubai Port,1420,14,0,,,57,46,0,92,,Unknown,,0.5,0.0,
R0911,British Indian Ocean Territory (Chagos Archipelago),Belgium,Rail,Sydney Port,13793,86,13,Pandemic,Medium,88,8,0,99,,Unknown,,0.5,0.0,
R0912,United States Virgin Islands,Norfolk Island,Air,Santos Port,19428,19,0,,,3,75,0,95,,Unknown,,0.5,0.0,
R0913,Zambia,Martinique,Sea,Hamburg Port,19581,195,0,,,24,68,0,92,,Unknown,,0.5,0.0,
R0914,Cote D'Ivoire,Marshall Islands,Sea,Hamburg Port,18944,118,0,,,88,75,0,100,,Unknown,,0.5,0.0,
R0915,Northern Mariana Islands,India,Road,Frankfurt Airport,7528,47,4,Political unrest,Low,31,97,1,89,,Unknown,,0.5,0.0,
R0916,Saint Kitts And Nevis,Thailand,Rail,Heathrow Airport,13393,133,11,Strike,Low,64,45,0,91,,Unknown,,0.5,0.0,
R0917,Venezuela,Solomon Islands,Road,Heathrow Airport,9068,90,0,,,43,59,0,86,,Unknown,,0.5,0.0,0.5
R0918,Liberia,Italy,Sea,Rotterdam Port,14598,145,0,,,86,77,0,89,,Unknown,,0.5,0.0,
R0919,Angola,China,Sea,Tokyo Port,18655,93,0,,,98,21,0,87,,Unknown,,0.5,0.0,
R0920,Estonia,Saint Lucia,Air,Heathrow Airport,13382,16,3,Pandemic,High,6,4,0,91,,Unknown,,0.5,0.0,
R0921,Greece,Congo,Road,Frankfurt Airport,17475,109,0,,,74,80,0,97,,Unknown,,0.5,0.0,
R0922,Kenya,United States Minor Outlying Islands,Air,Dubai Port,2820,2,0,,,65,92,0,98,,Unknown,,0.5,0.0,
R0923,Estonia,Macedonia,Sea,Rotterdam Port,17564,109,0,,,53,72,0,99,,Unknown,,0.5,0.0,
R0924,Colombia,Romania,Rail,Heathrow Airport,12180,121,0,,,29,0,0,96,,Unknown,,0.5,0.0,
R0925,Bosnia And Herzegovina,Colombia,Rail,Los Angeles Port,11627,58,0,,,99,48,0,100,,Unknown,,0.5,0.0,
R0926,Kyrgyz Republic,Sri Lanka,Air,Sydney Port,11296,14,0,,,11,59,0,99,,Unknown,,0.5,0.0,
R0927,Niue,Papua New Guinea,Sea,Los Angeles Port,4173,26,0,,,78,66,0,90,,Unknown,,0.5,0.0,
R0928,Northern Mariana Islands,Armenia,Sea,Rotterdam Port,14596,72,0,,,10,24,0,92,,Unknown,,0.5,0.0,
R0929,Mongolia,Guatemala,Rail,Los Angeles Port,6542,40,0,,,0,30,0,91,,Unknown,,0.5,0.0,
R0930,Northern Mariana Islands,Solomon Islands,Sea,Heathrow Airport,5014,50,0,,,61,85,0,92,,Unknown,,0.5,0.0,
R0931,Mongolia,Senegal,Air,Rotterdam Port,13064,13,0,,,41,46,0,90,,Unknown,,0.5,0.0,
R0932,Saint Kitts And Nevis,Japan,Rail,Frankfurt Airport,15725,157,0,,,8,47,0,98,,Unknown,,0.5,0.0,
R0933,Saint Kitts And Nevis,Georgia,Road,Singapore Port,5774,57,0,,,17,30,0,90,,Unknown,,0.5,0.0,
R0934,Norfolk Island,Austria,Road,Tokyo Port,10039,62,0,,,66,59,0,97,,Unknown,,0.5,0.0,
R0935,British Indian Ocean Territory (Chagos Archipelago),Romania,Road,Tokyo Port,9254,92,0,,,23,46,0,89,,Unknown,,0.5,0.0,
R0936,Mongolia,Madagascar,Air,Santos Port,10194,10,0,,,0,61,0,91,,Unknown,,0.5,0.0,
R0937,Liberia,Tokelau,Air,Sydney Port,15840,31,0,,,86,78,0,86,,Unknown,,0.5,0.0,
R0938,Vanuatu,El Salvador,Road,Hamburg Port,5312,53,0,,,82,26,0,94,,Unknown,,0.5,0.0,
R0939,Sierra Leone,Slovakia (Slovak Republic),Air,Rotterdam Port,6800,13,0,,,92,49,0,98,,Unknown,,0.5,0.0,
R0940,Jamaica,Guadeloupe,Rail,Sydney Port,5619,35,0,,,36,49,0,92,,Unknown,,0.5,0.0,
R0941,Saint Kitts And Nevis,Kenya,Sea,Dubai Port,8798,87,9,Accident,Medium,57,7,0,92,,Unknown,,0.5,0.0,
R0942,Estonia,Ireland,Air,Rotterdam Port,3610,7,0,,,51,9,0,85,,Unknown,,0.5,0.0,
R0943,Colombia,Trinidad And Tobago,Air,Sydney Port,15440,19,0,,,25,100,0,94,,Unknown,,0.5,0.0,
R0944,Albania,Estonia,Sea,Hamburg Port,969,4,0,,,66,22,0,85,,Unknown,,0.5,0.0,
R0945,Colombia,Cook Islands,Air,Shanghai Port,19725,39,0,,,91,0,0,93,,Unknown,,0.5,0.0,
R0946,Greece,Russian Federation,Road,Rotterdam Port,6720,42,0,,,3,96,0,96,,Unknown,,0.5,0.0,
R0947,Montenegro,Nigeria,Air,Frankfurt Airport,16481,20,0,,,67,42,0,100,,Unknown,,0.5,0.0,
R0948,Anguilla,Angola,Air,Dubai Port,14025,28,0,,,15,54,0,86,,Unknown,,0.5,0.0,
R0949,Saint Kitts And Nevis,China,Air,Sydney Port,5774,7,0,,,84,81,0,100,,Unknown,,0.5,0.0,
R0950,Vanuatu,Honduras,Sea,Hamburg Port,4630,46,0,,,77,3,0,87,,Unknown,,0.5,0.0,
R0951,Brunei Darussalam,Mayotte,Air,Changi Airport,16445,16,4,Weather,High,61,98,0,99,,Unknown,,0.5,0.0,
R0952,British Indian Ocean Territory (Chagos Archipelago),Lithuania,Sea,Hamburg Port,16108,80,5,Congestion,Low,77,67,0,100,,Unknown,,0.5,0.0,
R0953,British Indian Ocean Territory (Chagos Archipelago),Sweden,Air,Tokyo Port,8828,8,0,,,23,12,0,87,,Unknown,,0.5,0.0,
R0954,Vanuatu,Korea,Rail,Tokyo Port,5111,25,15,Political unrest,High,83,70,1,90,,Unknown,,0.5,0.0,
R0955,Northern Mariana Islands,Cook Islands,Road,Dubai Port,14460,90,11,Weather,High,74,3,0,88,,Unknown,,0.5,0.0,
R0956,Northern Mariana Islands,Macedonia,Air,Los Angeles Port,13988,27,0,,,32,28,0,99,,Unknown,,0.5,0.0,
R0957,Estonia,Tanzania,Rail,Sydney Port,672,4,0,,,86,4,0,89,,Unknown,,0.5,0.0,
R0958,Albania,Guadeloupe,Sea,Shanghai Port,2368,23,0,,,10,64,0,94,,Unknown,,0.5,0.0,
R0959,Zimbabwe,Russian Federation,Road,Heathrow Airport,8970,44,0,,,15,30,0,87,,Unknown,,0.5,0.0,
R0960,Estonia,Fiji,Sea,Los Angeles Port,3501,17,0,,,65,21,0,98,,Unknown,,0.5,0.0,
R0961,Estonia,Cameroon,Road,Heathrow Airport,11437,114,0,,,17,18,0,97,,Unknown,,0.5,0.0,
R0962,Kenya,Turks And Caicos Islands,Sea,Sydney Port,18427,92,2,Strike,Low,99,44,0,91,,Unknown,,0.5,0.0,
R0963,Zimbabwe,Jersey,Road,Santos Port,19896,99,13,Political unrest,Low,34,48,1,85,,Unknown,,0.5,0.0,
R0964,Isle Of Man,Solomon Islands,Sea,Shanghai Port,16651,104,5,Congestion,Low,98,69,0,92,,Unknown,,0.5,0.0,
R0965,Azerbaijan,Oman,Road,Shanghai Port,10260,64,0,,,10,53,0,90,,Unknown,,0.5,0.0,
R0966,British Indian Ocean Territory (Chagos Archipelago),New Zealand,Road,Los Angeles Port,13751,137,0,,,4,47,0,97,,Unknown,,0.5,0.0,
R0967,Portugal,Central African Republic,Sea,Heathrow Airport,12564,78,0,,,0,86,0,86,,Unknown,,0.5,0.0,
R0968,Vanuatu,Bolivia,Sea,Shanghai Port,10648,53,0,,,70,73,0,95,,Unknown,,0.5,0.0,
R0969,Niue,Heard Island And Mcdonald Islands,Air,Frankfurt Airport,18290,22,0,,,95,33,0,89,,Unknown,,0.5,0.0,
R0970,Kenya,Cambodia,Rail,Santos Port,4588,28,0,,,76,50,0,93,,Unknown,,0.5,0.0,
R0971,Sierra Leone,United Kingdom,Rail,Singapore Port,13594,67,0,,,89,68,0,99,,Unknown,,0.5,0.0,
R0972,Sierra Leone,Saint Helena,Road,Heathrow Airport,9895,98,0,,,100,61,0,90,,Unknown,,0.5,0.0,
R0973,Portugal,Bulgaria,Road,Frankfurt Airport,11287,56,0,,,40,52,0,99,,Unknown,,0.5,0.0,
R0974,Portugal,Fiji,Air,Sydney Port,15572,15,0,,,96,0,0,97,,Unknown,,0.5,0.0,
R0975,Venezuela,Holy See (Vatican City State),Rail,Singapore Port,3634,22,0,,,31,7,0,98,,Unknown,,0.5,0.0,0.5
R0976,Colombia,Pakistan,Road,Santos Port,13419,67,0,,,15,35,0,95,,Unknown,,0.5,0.0,
R0977,Jamaica,Myanmar,Rail,Dubai Port,12350,77,0,,,15,74,0,92,,Unknown,,0.5,0.0,
R0978,Anguilla,Guinea-Bissau,Sea,Dubai Port,12094,120,0,,,85,5,0,93,,Unknown,,0.5,0.0,
R0979,Saint Kitts And Nevis,Cambodia,Air,Los Angeles Port,16772,33,12,Accident,High,73,45,0,99,,Unknown,,0.5,0.0,
R0980,Kyrgyz Republic,Saint Barthelemy,Sea,Changi Airport,15060,94,4,Political unrest,Low,100,9,1,90,,Unknown,,0.5,0.0,
R0981,Nauru,Svalbard & Jan Mayen Islands,Road,Heathrow Airport,10006,100,15,Pandemic,Low,65,90,0,89,,Unknown,,0.5,0.0,
R0982,Liberia,Norfolk Island,Sea,Rotterdam Port,8047,50,0,,,82,58,0,95,,Unknown,,0.5,0.0,
R0983,Albania,Oman,Road,Frankfurt Airport,18316,91,8,Accident,High,77,44,0,87,,Unknown,,0.5,0.0,
R0984,British Virgin Islands,Lao People'S Democratic Republic,Road,Frankfurt Airport,4819,48,0,,,8,4,0,91,,Unknown,,0.5,0.0,
R0985,Estonia,British Virgin Islands,Sea,Changi Airport,7101,44,0,,,13,77,0,95,,Unknown,,0.5,0.0,
R0986,Kenya,Lithuania,Air,Sydney Port,14870,14,5,Pandemic,Medium,87,36,0,98,,Unknown,,0.5,0.0,
R0987,Greece,Equatorial Guinea,Rail,Changi Airport,12666,63,0,,,72,21,0,92,,Unknown,,0.5,0.0,
R0988,Montenegro,Western Sahara,Sea,Dubai Port,9212,57,0,,,61,96,0,89,,Unknown,,0.5,0.0,
R0989,Dominica,Grenada,Sea,Shanghai Port,5728,28,0,,,8,69,0,89,,Unknown,,0.5,0.0,
R0990,Greece,Seychelles,Rail,Singapore Port,2103,10,0,,,11,8,0,94,,Unknown,,0.5,0.0,
R0991,Niue,Comoros,Air,Tokyo Port,9050,9,0,,,92,85,0,96,,Unknown,,0.5,0.0,
R0992,Angola,Trinidad And Tobago,Sea,Santos Port,13550,135,0,,,72,40,0,92,,Unknown,,0.5,0.0,
R0993,Nauru,Colombia,Rail,Rotterdam Port,2120,10,14,Accident,Low,1,86,0,92,,Unknown,,0.5,0.0,
R0994,British Virgin Islands,Guatemala,Air,Heathrow Airport,2579,5,0,,,4,84,0,88,,Unknown,,0.5,0.0,
R0995,Angola,Greenland,Rail,Dubai Port,10890,68,0,,,85,78,0,100,,Unknown,,0.5,0.0,
R0996,Liberia,Venezuela,Rail,Singapore Port,790,4,0,,,55,51,0,99,,Unknown,,0.5,0.0,
R0997,Montenegro,Kazakhstan,Air,Rotterdam Port,2919,2,0,,,36,19,0,96,,Unknown,,0.5,0.0,
R0998,British Indian Ocean Territory (Chagos Archipelago),Namibia,Rail,Hamburg Port,11612,72,0,,,90,93,0,98,,Unknown,,0.5,0.0,
R0999,Venezuela,Rwanda,Road,Santos Port,11259,112,0,,,28,80,0,87,,Unknown,,0.5,0.0,0.5
R1000,Vanuatu,Belgium,Rail,Los Angeles Port,18879,94,0,,,81,55,0,92,,Unknown,,0.5,0.0,
